availability_365,date,price
0-50,2020-09-01,56.108753011357116
0-50,2020-09-02,56.13272914993691
0-50,2020-09-03,56.31708156475852
0-50,2020-09-04,57.56234943214409
0-50,2020-09-05,57.85866697258231
0-50,2020-09-06,56.82792245038431
0-50,2020-09-07,56.51393828151887
0-50,2020-09-08,56.47619593896983
0-50,2020-09-09,56.48652059194677
0-50,2020-09-10,56.44797522083285
0-50,2020-09-11,57.44143627394746
0-50,2020-09-12,57.4616267064357
0-50,2020-09-13,56.470460020649305
0-50,2020-09-14,56.455202477916714
0-50,2020-09-15,56.45589078811518
0-50,2020-09-16,56.490421016404724
0-50,2020-09-17,56.549042101640474
0-50,2020-09-18,57.52059194677068
0-50,2020-09-19,57.56567626476999
0-50,2020-09-20,56.58024549730412
0-50,2020-09-21,56.68773660663072
0-50,2020-09-22,56.793621658827576
0-50,2020-09-23,56.92027073534473
0-50,2020-09-24,57.239990822530686
0-50,2020-09-25,58.59274979924286
0-50,2020-09-26,58.659171733394516
0-50,2020-09-27,57.41195365377997
0-50,2020-09-28,56.89331191923827
0-50,2020-09-29,56.77400481817139
0-50,2020-09-30,56.686704141333024
0-50,2020-10-01,56.645061374326026
0-50,2020-10-02,57.63496615808191
0-50,2020-10-03,57.673282092463005
0-50,2020-10-04,56.648388206951935
0-50,2020-10-05,56.58299873809797
0-50,2020-10-06,56.58357232993002
0-50,2020-10-07,56.57818056670873
0-50,2020-10-08,56.66020419869221
0-50,2020-10-09,57.60754846850981
0-50,2020-10-10,57.63829299070781
0-50,2020-10-11,56.653206378341174
0-50,2020-10-12,56.62188826431112
0-50,2020-10-13,56.62188826431112
0-50,2020-10-14,56.60261557875416
0-50,2020-10-15,56.62865664792933
0-50,2020-10-16,57.623953194906505
0-50,2020-10-17,57.655386027302974
0-50,2020-10-18,56.622232419410345
0-50,2020-10-19,56.54628886084662
0-50,2020-10-20,56.56269358724332
0-50,2020-10-21,56.567397040266144
0-50,2020-10-22,56.58781690948721
0-50,2020-10-23,57.55867844441895
0-50,2020-10-24,57.54445336698405
0-50,2020-10-25,56.54445336698405
0-50,2020-10-26,56.64161982333371
0-50,2020-10-27,56.653206378341174
0-50,2020-10-28,56.661810255821955
0-50,2020-10-29,56.690719284157396
0-50,2020-10-30,57.610875301135714
0-50,2020-10-31,57.64494665595962
0-50,2020-11-01,55.942181943329125
0-50,2020-11-02,55.8005047608122
0-50,2020-11-03,55.807158426064014
0-50,2020-11-04,55.80933807502581
0-50,2020-11-05,55.81817138923942
0-50,2020-11-06,56.756567626477
0-50,2020-11-07,56.776872777331654
0-50,2020-11-08,55.80933807502581
0-50,2020-11-09,55.765515659057016
0-50,2020-11-10,55.78192038545371
0-50,2020-11-11,55.77652862223242
0-50,2020-11-12,55.78926236090398
0-50,2020-11-13,56.72031662269129
0-50,2020-11-14,56.73649191235517
0-50,2020-11-15,55.78203510382012
0-50,2020-11-16,55.74681656533211
0-50,2020-11-17,55.75507628771366
0-50,2020-11-18,55.75805896524034
0-50,2020-11-19,55.783297005850635
0-50,2020-11-20,56.73924515314902
0-50,2020-11-21,56.74578410003441
0-50,2020-11-22,55.81564758517839
0-50,2020-11-23,55.784444189514744
0-50,2020-11-24,55.8058965240335
0-50,2020-11-25,55.819662728002754
0-50,2020-11-26,55.85901112768154
0-50,2020-11-27,56.80761729952965
0-50,2020-11-28,56.80084891591144
0-50,2020-11-29,55.84226224618561
0-50,2020-11-30,55.78570609154526
0-50,2020-12-01,55.82872547894918
0-50,2020-12-02,55.81931857290352
0-50,2020-12-03,55.834346678903295
0-50,2020-12-04,56.78639440174372
0-50,2020-12-05,56.82906963404841
0-50,2020-12-06,55.87908684180337
0-50,2020-12-07,55.822874842262244
0-50,2020-12-08,55.82849604221636
0-50,2020-12-09,55.83033153607892
0-50,2020-12-10,55.8520133073305
0-50,2020-12-11,56.80956751175863
0-50,2020-12-12,56.85075140529999
0-50,2020-12-13,55.92887461282551
0-50,2020-12-14,55.88229895606287
0-50,2020-12-15,55.896179878398534
0-50,2020-12-16,55.921188482276015
0-50,2020-12-17,55.93587243317655
0-50,2020-12-18,56.961684065618904
0-50,2020-12-19,57.03636572215212
0-50,2020-12-20,56.08684180337272
0-50,2020-12-21,56.11873350923483
0-50,2020-12-22,56.20270735344729
0-50,2020-12-23,56.4363886658254
0-50,2020-12-24,56.6348514397155
0-50,2020-12-25,57.585981415624644
0-50,2020-12-26,57.83629689113227
0-50,2020-12-27,57.37891476425376
0-50,2020-12-28,57.6381782723414
0-50,2020-12-29,58.01640472639669
0-50,2020-12-30,58.540323505793275
0-50,2020-12-31,58.95973385338993
0-50,2021-01-01,58.621314672479066
0-50,2021-01-02,58.28105999770563
0-50,2021-01-03,57.117930480669955
0-50,2021-01-04,56.77710221406447
0-50,2021-01-05,56.70655041872204
0-50,2021-01-06,56.67029941493633
0-50,2021-01-07,56.72031662269129
0-50,2021-01-08,57.64460250086039
0-50,2021-01-09,57.67247906389813
0-50,2021-01-10,56.69565217391305
0-50,2021-01-11,56.66158081908914
0-50,2021-01-12,56.658712859928876
0-50,2021-01-13,56.63393369278422
0-50,2021-01-14,56.98852816335896
0-50,2021-01-15,57.921188482276015
0-50,2021-01-16,57.93254560055065
0-50,2021-01-17,56.98428358380177
0-50,2021-01-18,56.95652173913044
0-50,2021-01-19,56.966158081908915
0-50,2021-01-20,56.96741998393943
0-50,2021-01-21,57.000917746931286
0-50,2021-01-22,57.91212573132959
0-50,2021-01-23,57.93610186990937
0-50,2021-01-24,57.003441550992314
0-50,2021-01-25,56.98221865320638
0-50,2021-01-26,56.99414936331306
0-50,2021-01-27,56.99174027761845
0-50,2021-01-28,57.01640472639669
0-50,2021-01-29,57.94241138006195
0-50,2021-01-30,57.978662383847656
0-50,2021-01-31,57.07215785247218
0-50,2021-02-01,57.015486979465415
0-50,2021-02-02,57.234140185843756
0-50,2021-02-03,57.22943673282092
0-50,2021-02-04,57.32958586669726
0-50,2021-02-05,58.05495009751061
0-50,2021-02-06,58.045313754732135
0-50,2021-02-07,57.02374670184697
0-50,2021-02-08,56.97889182058047
0-50,2021-02-09,57.01296317540438
0-50,2021-02-10,57.049099460823676
0-50,2021-02-11,57.08397384421246
0-50,2021-02-12,58.04887002409086
0-50,2021-02-13,58.05655615464036
0-50,2021-02-14,57.110932660318916
0-50,2021-02-15,57.07422278306757
0-50,2021-02-16,57.08580933807502
0-50,2021-02-17,57.11047378685328
0-50,2021-02-18,57.13341746013537
0-50,2021-02-19,58.06114488929678
0-50,2021-02-20,58.09510152575427
0-50,2021-02-21,57.09819892164735
0-50,2021-02-22,57.08202363198348
0-50,2021-02-23,57.10921188482276
0-50,2021-02-24,57.11586555007457
0-50,2021-02-25,57.149478031432835
0-50,2021-02-26,58.18228748422622
0-50,2021-02-27,58.26568773660663
0-50,2021-02-28,57.31386945049903
0-50,2021-03-01,57.304003670987726
0-50,2021-03-02,57.319605368819545
0-50,2021-03-03,57.33612481358266
0-50,2021-03-04,57.36170700929219
0-50,2021-03-05,58.2884019731559
0-50,2021-03-06,58.32637375243777
0-50,2021-03-07,57.36709877251348
0-50,2021-03-08,57.39451646208558
0-50,2021-03-09,57.60456579098314
0-50,2021-03-10,57.635883905013195
0-50,2021-03-11,57.6984054147069
0-50,2021-03-12,58.4912240449696
0-50,2021-03-13,58.43902718825284
0-50,2021-03-14,57.4440747963749
0-50,2021-03-15,57.38075025811632
0-50,2021-03-16,57.370196168406565
0-50,2021-03-17,57.414592176207414
0-50,2021-03-18,57.45015486979465
0-50,2021-03-19,58.378226454055294
0-50,2021-03-20,58.44396007800849
0-50,2021-03-21,57.47929333486291
0-50,2021-03-22,57.448663531031315
0-50,2021-03-23,57.45898818400826
0-50,2021-03-24,57.4813582654583
0-50,2021-03-25,57.52885166915223
0-50,2021-03-26,58.457382126878514
0-50,2021-03-27,58.52713089365607
0-50,2021-03-28,57.518182861076056
0-50,2021-03-29,57.50269588161065
0-50,2021-03-30,57.53160490994608
0-50,2021-03-31,57.51795342434324
0-50,2021-04-01,57.501892853045774
0-50,2021-04-02,58.59274979924286
0-50,2021-04-03,58.638063553974995
0-50,2021-04-04,57.685671676035334
0-50,2021-04-05,57.50866123666399
0-50,2021-04-06,57.49351841229781
0-50,2021-04-07,57.537570264999424
0-50,2021-04-08,57.565332109670756
0-50,2021-04-09,58.56407020764024
0-50,2021-04-10,58.62142939084548
0-50,2021-04-11,57.58632557072387
0-50,2021-04-12,57.57955718710566
0-50,2021-04-13,57.588734656418495
0-50,2021-04-14,57.5602845015487
0-50,2021-04-15,57.55420442812894
0-50,2021-04-16,58.51084088562579
0-50,2021-04-17,58.52621314672479
0-50,2021-04-18,57.559366754617415
0-50,2021-04-19,57.55340139956407
0-50,2021-04-20,57.60066536652518
0-50,2021-04-21,57.58368704829643
0-50,2021-04-22,57.61752896638752
0-50,2021-04-23,58.59079958701388
0-50,2021-04-24,58.66479293334863
0-50,2021-04-25,57.74658712859929
0-50,2021-04-26,58.100149133876336
0-50,2021-04-27,58.27784788344614
0-50,2021-04-28,58.31949065045314
0-50,2021-04-29,58.27704485488127
0-50,2021-04-30,58.96260181255019
0-50,2021-05-01,58.81679476884249
0-50,2021-05-02,57.770448548812666
0-50,2021-05-03,57.825513364689684
0-50,2021-05-04,57.76310657336239
0-50,2021-05-05,57.776299185499596
0-50,2021-05-06,57.81277962601813
0-50,2021-05-07,58.768613054950094
0-50,2021-05-08,58.77767580589652
0-50,2021-05-09,57.77366066307216
0-50,2021-05-10,57.78891820580475
0-50,2021-05-11,57.8037168750717
0-50,2021-05-12,57.8980153722611
0-50,2021-05-13,58.026844097740046
0-50,2021-05-14,58.976368016519444
0-50,2021-05-15,59.00871859584719
0-50,2021-05-16,57.909143053802914
0-50,2021-05-17,57.869106343925665
0-50,2021-05-18,57.8804634622003
0-50,2021-05-19,57.89480325800161
0-50,2021-05-20,57.93277503728347
0-50,2021-05-21,59.027991281404155
0-50,2021-05-22,59.125616611219456
0-50,2021-05-23,58.02546747734312
0-50,2021-05-24,57.916255592520365
0-50,2021-05-25,57.90604565790983
0-50,2021-05-26,57.94527933922221
0-50,2021-05-27,57.9648961798784
0-50,2021-05-28,58.953653779970175
0-50,2021-05-29,58.99759091430538
0-50,2021-05-30,57.9517035677412
0-50,2021-05-31,57.987839853160494
0-50,2021-06-01,57.969370196168406
0-50,2021-06-02,57.9978203510382
0-50,2021-06-03,58.10611448892968
0-50,2021-06-04,59.14488929677641
0-50,2021-06-05,59.23746701846966
0-50,2021-06-06,58.109785476654814
0-50,2021-06-07,58.02294367328209
0-50,2021-06-08,57.98634851439716
0-50,2021-06-09,57.956865894229665
0-50,2021-06-10,57.97613857978662
0-50,2021-06-11,58.92566249856602
0-50,2021-06-12,58.95996329012275
0-50,2021-06-13,57.944361592290925
0-50,2021-06-14,57.958471951359414
0-50,2021-06-15,57.95755420442813
0-50,2021-06-16,57.95548927383274
0-50,2021-06-17,57.98531604909946
0-50,2021-06-18,58.93598715154296
0-50,2021-06-19,58.96065160032121
0-50,2021-06-20,57.98474245726741
0-50,2021-06-21,57.968911322702766
0-50,2021-06-22,57.999082253068714
0-50,2021-06-23,57.95560399219915
0-50,2021-06-24,57.981874498107146
0-50,2021-06-25,59.35505334404038
0-50,2021-06-26,59.36652518068143
0-50,2021-06-27,58.13777675805896
0-50,2021-06-28,57.930939543420905
0-50,2021-06-29,57.93220144545142
0-50,2021-06-30,57.93059538832167
0-50,2021-07-01,58.11047378685328
0-50,2021-07-02,59.26809682230125
0-50,2021-07-03,59.201445451416774
0-50,2021-07-04,57.90008030285649
0-50,2021-07-05,57.73534472869106
0-50,2021-07-06,57.743145577606974
0-50,2021-07-07,57.764942067224965
0-50,2021-07-08,57.91051967419984
0-50,2021-07-09,59.0120454284731
0-50,2021-07-10,59.026729379373634
0-50,2021-07-11,57.850636686933576
0-50,2021-07-12,57.72788803487438
0-50,2021-07-13,57.716072043134105
0-50,2021-07-14,57.73442698175978
0-50,2021-07-15,57.83721463806356
0-50,2021-07-16,58.946541241252724
0-50,2021-07-17,58.98864288172536
0-50,2021-07-18,57.82367787082712
0-50,2021-07-19,57.713433520706666
0-50,2021-07-20,57.72020190432488
0-50,2021-07-21,57.73545944705747
0-50,2021-07-22,57.8618790868418
0-50,2021-07-23,59.02122289778593
0-50,2021-07-24,59.010668808076176
0-50,2021-07-25,57.82884019731559
0-50,2021-07-26,57.71423654927154
0-50,2021-07-27,57.71102443501204
0-50,2021-07-28,57.715613169668465
0-50,2021-07-29,57.83423196053688
0-50,2021-07-30,58.96914075943558
0-50,2021-07-31,58.9879545715269
0-50,2021-08-01,58.008374440747964
0-50,2021-08-02,57.90730755994035
0-50,2021-08-03,57.91740277618447
0-50,2021-08-04,57.90765171503958
0-50,2021-08-05,58.03154755076288
0-50,2021-08-06,59.17242170471493
0-50,2021-08-07,59.177584031203395
0-50,2021-08-08,57.98141562464151
0-50,2021-08-09,57.86509120110129
0-50,2021-08-10,57.87323620511644
0-50,2021-08-11,57.86050246644488
0-50,2021-08-12,57.99759091430538
0-50,2021-08-13,59.12630492141792
0-50,2021-08-14,59.145118733509236
0-50,2021-08-15,57.961225192153265
0-50,2021-08-16,57.84386830331536
0-50,2021-08-17,57.84386830331536
0-50,2021-08-18,57.84501548697946
0-50,2021-08-19,57.97579442468739
0-50,2021-08-20,59.111965125616614
0-50,2021-08-21,59.132040839738444
0-50,2021-08-22,57.937249053573474
0-50,2021-08-23,57.993231616381784
0-50,2021-08-24,57.99770563267179
0-50,2021-08-25,57.99300217964896
0-50,2021-08-26,58.113571182746355
0-50,2021-08-27,59.26580245497304
0-50,2021-08-28,59.286566479293334
0-50,2021-08-29,58.08798898703682
51-100,2020-09-01,72.08610271903324
51-100,2020-09-02,71.67774420946627
51-100,2020-09-03,72.39425981873111
51-100,2020-09-04,75.58106747230615
51-100,2020-09-05,76.17270896273918
51-100,2020-09-06,74.1012084592145
51-100,2020-09-07,72.75730110775427
51-100,2020-09-08,72.90684793554884
51-100,2020-09-09,72.95317220543807
51-100,2020-09-10,73.17170191339376
51-100,2020-09-11,75.50906344410876
51-100,2020-09-12,75.28298086606243
51-100,2020-09-13,73.10825780463243
51-100,2020-09-14,72.83987915407855
51-100,2020-09-15,73.04330312185297
51-100,2020-09-16,73.09214501510574
51-100,2020-09-17,73.43403826787512
51-100,2020-09-18,75.89526686807653
51-100,2020-09-19,75.93655589123867
51-100,2020-09-20,73.49697885196375
51-100,2020-09-21,73.70140986908359
51-100,2020-09-22,73.79053373615307
51-100,2020-09-23,73.8429003021148
51-100,2020-09-24,75.42547834843907
51-100,2020-09-25,78.53877139979859
51-100,2020-09-26,78.54632426988923
51-100,2020-09-27,74.64803625377644
51-100,2020-09-28,73.6460221550856
51-100,2020-09-29,73.71198388721048
51-100,2020-09-30,73.5785498489426
51-100,2020-10-01,74.75377643504531
51-100,2020-10-02,77.05740181268882
51-100,2020-10-03,77.10322255790534
51-100,2020-10-04,74.69184290030212
51-100,2020-10-05,74.2074521651561
51-100,2020-10-06,74.66465256797584
51-100,2020-10-07,74.59969788519638
51-100,2020-10-08,74.94159113796576
51-100,2020-10-09,76.73514602215509
51-100,2020-10-10,76.97482376636455
51-100,2020-10-11,74.82527693856998
51-100,2020-10-12,74.69687814702921
51-100,2020-10-13,74.80563947633433
51-100,2020-10-14,74.85095669687814
51-100,2020-10-15,75.23867069486406
51-100,2020-10-16,77.11732124874119
51-100,2020-10-17,77.22608257804633
51-100,2020-10-18,74.18378650553878
51-100,2020-10-19,74.00050352467271
51-100,2020-10-20,74.14954682779457
51-100,2020-10-21,74.1455186304129
51-100,2020-10-22,74.57754279959718
51-100,2020-10-23,76.60775427995972
51-100,2020-10-24,77.63897280966768
51-100,2020-10-25,75.3821752265861
51-100,2020-10-26,75.1515609264854
51-100,2020-10-27,75.30060422960725
51-100,2020-10-28,75.31419939577039
51-100,2020-10-29,74.68580060422961
51-100,2020-10-30,76.8937562940584
51-100,2020-10-31,77.0166163141994
51-100,2020-11-01,74.25075528700906
51-100,2020-11-02,74.0448136958711
51-100,2020-11-03,74.24773413897282
51-100,2020-11-04,74.230110775428
51-100,2020-11-05,74.49899295065458
51-100,2020-11-06,76.7588116817724
51-100,2020-11-07,76.89677744209466
51-100,2020-11-08,74.51913393756294
51-100,2020-11-09,74.24169184290031
51-100,2020-11-10,74.3600201409869
51-100,2020-11-11,74.36656596173212
51-100,2020-11-12,74.61732124874119
51-100,2020-11-13,76.93152064451158
51-100,2020-11-14,76.94612286002014
51-100,2020-11-15,74.49043303121853
51-100,2020-11-16,74.2703927492447
51-100,2020-11-17,74.37462235649546
51-100,2020-11-18,74.41842900302115
51-100,2020-11-19,74.65659617321249
51-100,2020-11-20,76.91641490433031
51-100,2020-11-21,76.9773413897281
51-100,2020-11-22,74.60574018126889
51-100,2020-11-23,74.33635448136958
51-100,2020-11-24,74.46273917421954
51-100,2020-11-25,74.44461228600201
51-100,2020-11-26,74.68781470292045
51-100,2020-11-27,77.02618328298087
51-100,2020-11-28,77.08459214501511
51-100,2020-11-29,74.65609264853978
51-100,2020-11-30,74.36203423967774
51-100,2020-12-01,74.7185297079557
51-100,2020-12-02,74.83534743202416
51-100,2020-12-03,75.03524672708963
51-100,2020-12-04,77.25025176233635
51-100,2020-12-05,77.28600201409868
51-100,2020-12-06,75.03726082578046
51-100,2020-12-07,74.74622356495469
51-100,2020-12-08,74.82980866062437
51-100,2020-12-09,74.84944612286002
51-100,2020-12-10,75.09617321248741
51-100,2020-12-11,77.35146022155085
51-100,2020-12-12,77.40886203423968
51-100,2020-12-13,75.1012084592145
51-100,2020-12-14,74.89728096676737
51-100,2020-12-15,74.95619335347432
51-100,2020-12-16,74.97583081570997
51-100,2020-12-17,75.17472306143002
51-100,2020-12-18,77.68429003021149
51-100,2020-12-19,77.76183282980865
51-100,2020-12-20,75.52618328298087
51-100,2020-12-21,75.59466263846929
51-100,2020-12-22,75.84189325276938
51-100,2020-12-23,76.16666666666667
51-100,2020-12-24,76.68227593152065
51-100,2020-12-25,79.0115810674723
51-100,2020-12-26,79.58559919436053
51-100,2020-12-27,77.60926485397785
51-100,2020-12-28,77.68026183282981
51-100,2020-12-29,79.70241691842901
51-100,2020-12-30,81.60322255790534
51-100,2020-12-31,82.49244712990937
51-100,2021-01-01,81.90382678751259
51-100,2021-01-02,81.07653575025176
51-100,2021-01-03,78.3766364551863
51-100,2021-01-04,77.78499496475327
51-100,2021-01-05,77.62487411883183
51-100,2021-01-06,77.55941591137966
51-100,2021-01-07,77.58207452165156
51-100,2021-01-08,79.35498489425981
51-100,2021-01-09,79.32729103726082
51-100,2021-01-10,77.53222557905337
51-100,2021-01-11,77.48489425981873
51-100,2021-01-12,77.31218529707955
51-100,2021-01-13,77.28600201409868
51-100,2021-01-14,77.34994964753272
51-100,2021-01-15,79.19889224572005
51-100,2021-01-16,79.21248741188319
51-100,2021-01-17,77.3655589123867
51-100,2021-01-18,77.23413897280967
51-100,2021-01-19,77.28247734138972
51-100,2021-01-20,77.29859013091641
51-100,2021-01-21,77.34088620342396
51-100,2021-01-22,79.1852970795569
51-100,2021-01-23,79.11480362537765
51-100,2021-01-24,77.09063444108762
51-100,2021-01-25,77.24269889224573
51-100,2021-01-26,77.29405840886203
51-100,2021-01-27,77.30513595166163
51-100,2021-01-28,77.37009063444108
51-100,2021-01-29,79.24420946626385
51-100,2021-01-30,79.26032225579053
51-100,2021-01-31,77.31268882175226
51-100,2021-02-01,77.51963746223565
51-100,2021-02-02,78.01611278952669
51-100,2021-02-03,78.06998992950655
51-100,2021-02-04,78.06294058408862
51-100,2021-02-05,79.53323262839879
51-100,2021-02-06,79.25276938569989
51-100,2021-02-07,77.46576032225579
51-100,2021-02-08,77.1847935548842
51-100,2021-02-09,77.23212487411884
51-100,2021-02-10,77.28499496475327
51-100,2021-02-11,77.33987915407855
51-100,2021-02-12,79.25830815709969
51-100,2021-02-13,79.269889224572
51-100,2021-02-14,77.34088620342396
51-100,2021-02-15,77.26334340382678
51-100,2021-02-16,77.3262839879154
51-100,2021-02-17,77.33937562940584
51-100,2021-02-18,77.7925478348439
51-100,2021-02-19,79.64702920443102
51-100,2021-02-20,79.68227593152065
51-100,2021-02-21,77.75478348439073
51-100,2021-02-22,77.88721047331319
51-100,2021-02-23,77.94108761329305
51-100,2021-02-24,77.93756294058409
51-100,2021-02-25,78.00755287009063
51-100,2021-02-26,79.82779456193353
51-100,2021-02-27,80.16112789526687
51-100,2021-02-28,78.24320241691844
51-100,2021-03-01,78.37361530715005
51-100,2021-03-02,77.23615307150051
51-100,2021-03-03,77.26787512588116
51-100,2021-03-04,77.3257804632427
51-100,2021-03-05,79.26183282980865
51-100,2021-03-06,79.28851963746223
51-100,2021-03-07,77.32175226586102
51-100,2021-03-08,77.35146022155085
51-100,2021-03-09,77.50503524672709
51-100,2021-03-10,77.54632426988923
51-100,2021-03-11,77.66364551863042
51-100,2021-03-12,79.25025176233635
51-100,2021-03-13,79.34390735146022
51-100,2021-03-14,77.33081570996978
51-100,2021-03-15,77.33635448136958
51-100,2021-03-16,77.25176233635447
51-100,2021-03-17,77.31017119838872
51-100,2021-03-18,77.32175226586102
51-100,2021-03-19,79.1510574018127
51-100,2021-03-20,79.1852970795569
51-100,2021-03-21,77.24924471299094
51-100,2021-03-22,77.13141993957704
51-100,2021-03-23,77.22004028197382
51-100,2021-03-24,77.21651560926486
51-100,2021-03-25,77.34390735146022
51-100,2021-03-26,79.03625377643505
51-100,2021-03-27,79.23313192346426
51-100,2021-03-28,77.3202416918429
51-100,2021-03-29,77.3766364551863
51-100,2021-03-30,77.46424974823766
51-100,2021-03-31,77.4269889224572
51-100,2021-04-01,77.40634441087613
51-100,2021-04-02,79.2703927492447
51-100,2021-04-03,79.38167170191339
51-100,2021-04-04,77.47532729103726
51-100,2021-04-05,77.39174219536757
51-100,2021-04-06,77.44259818731118
51-100,2021-04-07,77.46173212487412
51-100,2021-04-08,77.54632426988923
51-100,2021-04-09,79.30765357502517
51-100,2021-04-10,79.40634441087613
51-100,2021-04-11,77.47129909365559
51-100,2021-04-12,77.41188318227593
51-100,2021-04-13,77.5115810674723
51-100,2021-04-14,77.45921450151057
51-100,2021-04-15,77.39778449144008
51-100,2021-04-16,79.07703927492447
51-100,2021-04-17,79.23363544813697
51-100,2021-04-18,77.29003021148036
51-100,2021-04-19,77.32124874118831
51-100,2021-04-20,77.45669687814703
51-100,2021-04-21,77.46525679758308
51-100,2021-04-22,77.57955689828802
51-100,2021-04-23,79.28298086606243
51-100,2021-04-24,79.45266868076536
51-100,2021-04-25,77.47079556898288
51-100,2021-04-26,77.9441087613293
51-100,2021-04-27,78.21752265861028
51-100,2021-04-28,78.3152064451158
51-100,2021-04-29,78.3710976837865
51-100,2021-04-30,79.93907351460221
51-100,2021-05-01,80.269889224572
51-100,2021-05-02,78.04632426988923
51-100,2021-05-03,77.9436052366566
51-100,2021-05-04,78.0110775427996
51-100,2021-05-05,77.89627391742195
51-100,2021-05-06,78.05236656596173
51-100,2021-05-07,79.78197381671701
51-100,2021-05-08,79.7980866062437
51-100,2021-05-09,77.78348439073514
51-100,2021-05-10,78.00906344410876
51-100,2021-05-11,78.11631419939577
51-100,2021-05-12,78.25276938569989
51-100,2021-05-13,78.56596173212488
51-100,2021-05-14,80.29959718026183
51-100,2021-05-15,80.32779456193353
51-100,2021-05-16,78.05740181268882
51-100,2021-05-17,78.05991943605237
51-100,2021-05-18,78.1852970795569
51-100,2021-05-19,78.25579053373615
51-100,2021-05-20,78.33836858006042
51-100,2021-05-21,80.4491440080564
51-100,2021-05-22,80.7190332326284
51-100,2021-05-23,78.2532729103726
51-100,2021-05-24,78.15206445115811
51-100,2021-05-25,78.23816717019135
51-100,2021-05-26,78.26082578046324
51-100,2021-05-27,78.37915407854985
51-100,2021-05-28,80.18630412890232
51-100,2021-05-29,80.28902316213494
51-100,2021-05-30,78.095166163142
51-100,2021-05-31,78.1963746223565
51-100,2021-06-01,78.19486404833837
51-100,2021-06-02,78.2870090634441
51-100,2021-06-03,78.53222557905337
51-100,2021-06-04,80.34592145015105
51-100,2021-06-05,80.53172205438067
51-100,2021-06-06,78.3147029204431
51-100,2021-06-07,78.30110775427995
51-100,2021-06-08,78.34541792547834
51-100,2021-06-09,78.34038267875125
51-100,2021-06-10,78.46525679758308
51-100,2021-06-11,80.14904330312186
51-100,2021-06-12,80.28902316213494
51-100,2021-06-13,78.14753272910373
51-100,2021-06-14,78.24874118831823
51-100,2021-06-15,78.31772406847935
51-100,2021-06-16,78.3257804632427
51-100,2021-06-17,78.43504531722054
51-100,2021-06-18,80.10574018126889
51-100,2021-06-19,80.23061430010071
51-100,2021-06-20,77.6515609264854
51-100,2021-06-21,77.72507552870091
51-100,2021-06-22,77.81873111782477
51-100,2021-06-23,77.8257804632427
51-100,2021-06-24,77.96525679758308
51-100,2021-06-25,79.83333333333333
51-100,2021-06-26,79.90130916414904
51-100,2021-06-27,77.91691842900302
51-100,2021-06-28,77.80261832829808
51-100,2021-06-29,77.89023162134944
51-100,2021-06-30,77.89174219536757
51-100,2021-07-01,78.0115810674723
51-100,2021-07-02,79.63343403826788
51-100,2021-07-03,78.5508559919436
51-100,2021-07-04,76.16465256797584
51-100,2021-07-05,76.24874118831823
51-100,2021-07-06,76.34340382678751
51-100,2021-07-07,76.44813695871098
51-100,2021-07-08,76.53575025176234
51-100,2021-07-09,77.98136958710977
51-100,2021-07-10,77.93655589123867
51-100,2021-07-11,76.18429003021149
51-100,2021-07-12,76.22708962739175
51-100,2021-07-13,76.30161127895266
51-100,2021-07-14,76.33937562940584
51-100,2021-07-15,76.39274924471299
51-100,2021-07-16,77.81722054380664
51-100,2021-07-17,77.8429003021148
51-100,2021-07-18,76.1455186304129
51-100,2021-07-19,76.14451158106748
51-100,2021-07-20,76.24521651560927
51-100,2021-07-21,76.30261832829808
51-100,2021-07-22,76.31419939577039
51-100,2021-07-23,77.77995971802618
51-100,2021-07-24,77.7925478348439
51-100,2021-07-25,76.07250755287009
51-100,2021-07-26,76.10422960725076
51-100,2021-07-27,76.20694864048339
51-100,2021-07-28,76.24018126888218
51-100,2021-07-29,76.46576032225579
51-100,2021-07-30,77.92900302114803
51-100,2021-07-31,77.91137965760322
51-100,2021-08-01,76.027693856999
51-100,2021-08-02,76.08660624370594
51-100,2021-08-03,76.18932527693858
51-100,2021-08-04,76.24622356495469
51-100,2021-08-05,76.36858006042296
51-100,2021-08-06,77.87210473313192
51-100,2021-08-07,77.83786505538771
51-100,2021-08-08,76.02567975830816
51-100,2021-08-09,76.08912386706949
51-100,2021-08-10,76.19889224572005
51-100,2021-08-11,76.20795568982881
51-100,2021-08-12,76.37311178247734
51-100,2021-08-13,77.69486404833837
51-100,2021-08-14,77.75025176233635
51-100,2021-08-15,76.02467270896274
51-100,2021-08-16,76.04330312185297
51-100,2021-08-17,76.09617321248741
51-100,2021-08-18,76.11278952668681
51-100,2021-08-19,76.21550855991944
51-100,2021-08-20,77.63393756294059
51-100,2021-08-21,77.75176233635447
51-100,2021-08-22,76.08006042296073
51-100,2021-08-23,76.13091641490433
51-100,2021-08-24,76.12739174219537
51-100,2021-08-25,76.17069486404834
51-100,2021-08-26,76.25125881168177
51-100,2021-08-27,77.66364551863042
51-100,2021-08-28,77.61379657603223
51-100,2021-08-29,75.93051359516616
101-150,2020-09-01,69.950233281493
101-150,2020-09-02,70.14618973561431
101-150,2020-09-03,71.13219284603421
101-150,2020-09-04,74.85536547433904
101-150,2020-09-05,75.248833592535
101-150,2020-09-06,71.73405909797823
101-150,2020-09-07,70.78693623639191
101-150,2020-09-08,71.04354587869362
101-150,2020-09-09,71.21772939346812
101-150,2020-09-10,72.09642301710731
101-150,2020-09-11,75.60342146189736
101-150,2020-09-12,75.6547433903577
101-150,2020-09-13,71.62519440124417
101-150,2020-09-14,71.06531881804044
101-150,2020-09-15,71.53810264385692
101-150,2020-09-16,71.83514774494557
101-150,2020-09-17,72.86003110419907
101-150,2020-09-18,76.81648522550545
101-150,2020-09-19,77.07309486780716
101-150,2020-09-20,72.60031104199066
101-150,2020-09-21,72.96111975116641
101-150,2020-09-22,73.51788491446345
101-150,2020-09-23,73.82426127527216
101-150,2020-09-24,75.59875583203733
101-150,2020-09-25,79.97045101088646
101-150,2020-09-26,80.00311041990669
101-150,2020-09-27,73.751166407465
101-150,2020-09-28,73.03888024883359
101-150,2020-09-29,73.14618973561431
101-150,2020-09-30,72.74494556765163
101-150,2020-10-01,75.58786936236392
101-150,2020-10-02,79.57853810264386
101-150,2020-10-03,79.69206842923795
101-150,2020-10-04,75.02177293934682
101-150,2020-10-05,74.74494556765163
101-150,2020-10-06,75.14774494556765
101-150,2020-10-07,75.2814930015552
101-150,2020-10-08,76.66718506998444
101-150,2020-10-09,79.5552099533437
101-150,2020-10-10,79.52566096423017
101-150,2020-10-11,75.1213063763608
101-150,2020-10-12,75.07931570762052
101-150,2020-10-13,75.73250388802488
101-150,2020-10-14,75.74183514774495
101-150,2020-10-15,76.64852255054433
101-150,2020-10-16,79.86314152410576
101-150,2020-10-17,79.79315707620529
101-150,2020-10-18,74.80248833592535
101-150,2020-10-19,74.12597200622083
101-150,2020-10-20,75.42301710730949
101-150,2020-10-21,75.5054432348367
101-150,2020-10-22,77.2099533437014
101-150,2020-10-23,80.16796267496112
101-150,2020-10-24,80.22550544323484
101-150,2020-10-25,75.37947122861587
101-150,2020-10-26,74.20217729393468
101-150,2020-10-27,74.81804043545878
101-150,2020-10-28,74.8755832037325
101-150,2020-10-29,75.99222395023328
101-150,2020-10-30,80.05443234836703
101-150,2020-10-31,80.6687402799378
101-150,2020-11-01,74.78382581648522
101-150,2020-11-02,73.69673405909798
101-150,2020-11-03,74.1601866251944
101-150,2020-11-04,74.15863141524106
101-150,2020-11-05,75.27527216174184
101-150,2020-11-06,78.91757387247279
101-150,2020-11-07,80.05754276827372
101-150,2020-11-08,75.09175738724728
101-150,2020-11-09,74.14152410575427
101-150,2020-11-10,74.72006220839813
101-150,2020-11-11,74.72317262830482
101-150,2020-11-12,75.70295489891136
101-150,2020-11-13,80.23172628304822
101-150,2020-11-14,80.22706065318818
101-150,2020-11-15,75.39968895800934
101-150,2020-11-16,73.88802488335925
101-150,2020-11-17,74.37325038880249
101-150,2020-11-18,74.48055987558321
101-150,2020-11-19,74.78849144634526
101-150,2020-11-20,79.8040435458787
101-150,2020-11-21,79.81181959564542
101-150,2020-11-22,74.900466562986
101-150,2020-11-23,73.27371695178849
101-150,2020-11-24,73.83825816485225
101-150,2020-11-25,73.96111975116641
101-150,2020-11-26,74.97045101088646
101-150,2020-11-27,80.02177293934682
101-150,2020-11-28,79.76360808709175
101-150,2020-11-29,74.27216174183515
101-150,2020-11-30,74.83670295489891
101-150,2020-12-01,75.32814930015552
101-150,2020-12-02,75.4556765163297
101-150,2020-12-03,75.5660964230171
101-150,2020-12-04,80.72783825816485
101-150,2020-12-05,80.51010886469673
101-150,2020-12-06,75.37791601866252
101-150,2020-12-07,74.55209953343702
101-150,2020-12-08,75.57076205287714
101-150,2020-12-09,75.58475894245723
101-150,2020-12-10,76.70295489891136
101-150,2020-12-11,80.51632970451011
101-150,2020-12-12,80.54587869362364
101-150,2020-12-13,76.36547433903577
101-150,2020-12-14,75.34992223950233
101-150,2020-12-15,75.00155520995334
101-150,2020-12-16,75.18973561430793
101-150,2020-12-17,76.46034214618973
101-150,2020-12-18,81.90979782270607
101-150,2020-12-19,82.1104199066874
101-150,2020-12-20,77.39813374805598
101-150,2020-12-21,77.96111975116641
101-150,2020-12-22,78.97978227060653
101-150,2020-12-23,80.49611197511665
101-150,2020-12-24,82.43545878693624
101-150,2020-12-25,86.29393468118197
101-150,2020-12-26,86.70917573872472
101-150,2020-12-27,84.50388802488335
101-150,2020-12-28,84.34992223950233
101-150,2020-12-29,90.61741835147745
101-150,2020-12-30,96.10264385692068
101-150,2020-12-31,100.27216174183515
101-150,2021-01-01,94.24105754276827
101-150,2021-01-02,93.049766718507
101-150,2021-01-03,87.98133748055987
101-150,2021-01-04,78.26749611197512
101-150,2021-01-05,78.30326594090202
101-150,2021-01-06,77.94090202177294
101-150,2021-01-07,78.2814930015552
101-150,2021-01-08,81.01710730948678
101-150,2021-01-09,81.14930015552099
101-150,2021-01-10,77.17107309486781
101-150,2021-01-11,76.751166407465
101-150,2021-01-12,77.16640746500778
101-150,2021-01-13,77.0746500777605
101-150,2021-01-14,77.74650077760498
101-150,2021-01-15,80.8258164852255
101-150,2021-01-16,80.98289269051322
101-150,2021-01-17,77.2239502332815
101-150,2021-01-18,77.13685847589424
101-150,2021-01-19,77.50077760497668
101-150,2021-01-20,77.4914463452566
101-150,2021-01-21,77.8895800933126
101-150,2021-01-22,80.90513219284604
101-150,2021-01-23,80.35614307931571
101-150,2021-01-24,75.99066874027994
101-150,2021-01-25,77.02021772939347
101-150,2021-01-26,77.20373250388802
101-150,2021-01-27,77.21617418351478
101-150,2021-01-28,77.5085536547434
101-150,2021-01-29,80.57076205287714
101-150,2021-01-30,80.651632970451
101-150,2021-01-31,77.00466562986003
101-150,2021-02-01,77.26749611197512
101-150,2021-02-02,77.79315707620529
101-150,2021-02-03,77.85069984447901
101-150,2021-02-04,77.98755832037325
101-150,2021-02-05,80.76827371695178
101-150,2021-02-06,80.62363919129082
101-150,2021-02-07,77.4696734059098
101-150,2021-02-08,76.1850699844479
101-150,2021-02-09,76.5552099533437
101-150,2021-02-10,76.73716951788491
101-150,2021-02-11,76.85225505443235
101-150,2021-02-12,80.9113530326594
101-150,2021-02-13,80.92223950233281
101-150,2021-02-14,77.50699844479004
101-150,2021-02-15,77.21150855365474
101-150,2021-02-16,77.51632970451011
101-150,2021-02-17,77.34370139968895
101-150,2021-02-18,77.00777604976672
101-150,2021-02-19,80.32814930015552
101-150,2021-02-20,80.32814930015552
101-150,2021-02-21,76.4059097978227
101-150,2021-02-22,77.29237947122861
101-150,2021-02-23,77.5660964230171
101-150,2021-02-24,77.45412130637636
101-150,2021-02-25,77.66096423017107
101-150,2021-02-26,80.85692068429238
101-150,2021-02-27,81.19906687402799
101-150,2021-02-28,77.74961119751167
101-150,2021-03-01,77.98289269051322
101-150,2021-03-02,75.83048211508553
101-150,2021-03-03,75.75738724727839
101-150,2021-03-04,75.39813374805598
101-150,2021-03-05,79.29082426127528
101-150,2021-03-06,79.21461897356143
101-150,2021-03-07,76.0746500777605
101-150,2021-03-08,76.14930015552099
101-150,2021-03-09,76.44167962674962
101-150,2021-03-10,76.40746500777605
101-150,2021-03-11,76.94712286158631
101-150,2021-03-12,78.94245723172628
101-150,2021-03-13,79.90824261275272
101-150,2021-03-14,75.78071539657854
101-150,2021-03-15,75.70295489891136
101-150,2021-03-16,75.96734059097979
101-150,2021-03-17,75.79315707620529
101-150,2021-03-18,76.01244167962675
101-150,2021-03-19,79.31881804043546
101-150,2021-03-20,79.7185069984448
101-150,2021-03-21,76.09797822706065
101-150,2021-03-22,76.2954898911353
101-150,2021-03-23,76.7900466562986
101-150,2021-03-24,76.7045101088647
101-150,2021-03-25,77.32192846034215
101-150,2021-03-26,79.10108864696734
101-150,2021-03-27,80.19906687402799
101-150,2021-03-28,76.62208398133748
101-150,2021-03-29,76.80248833592535
101-150,2021-03-30,77.23017107309487
101-150,2021-03-31,77.0715396578538
101-150,2021-04-01,76.77138413685847
101-150,2021-04-02,79.44323483670296
101-150,2021-04-03,79.93312597200622
101-150,2021-04-04,76.25349922239502
101-150,2021-04-05,76.48678071539658
101-150,2021-04-06,76.8258164852255
101-150,2021-04-07,76.67340590979782
101-150,2021-04-08,77.03732503888025
101-150,2021-04-09,80.0715396578538
101-150,2021-04-10,80.09486780715396
101-150,2021-04-11,76.40279937791603
101-150,2021-04-12,76.51166407465007
101-150,2021-04-13,76.79471228615863
101-150,2021-04-14,76.61275272161741
101-150,2021-04-15,76.55987558320373
101-150,2021-04-16,78.95489891135303
101-150,2021-04-17,79.48522550544324
101-150,2021-04-18,76.23017107309487
101-150,2021-04-19,76.57076205287714
101-150,2021-04-20,77.11508553654744
101-150,2021-04-21,77.09020217729393
101-150,2021-04-22,77.45412130637636
101-150,2021-04-23,80.93779160186625
101-150,2021-04-24,80.89269051321928
101-150,2021-04-25,77.61897356143079
101-150,2021-04-26,79.04199066874028
101-150,2021-04-27,80.04665629860031
101-150,2021-04-28,80.34214618973562
101-150,2021-04-29,80.27216174183515
101-150,2021-04-30,81.66251944012441
101-150,2021-05-01,80.9113530326594
101-150,2021-05-02,76.31104199066874
101-150,2021-05-03,76.3950233281493
101-150,2021-05-04,76.8786936236392
101-150,2021-05-05,76.77293934681182
101-150,2021-05-06,77.38102643856921
101-150,2021-05-07,80.37636080870918
101-150,2021-05-08,80.38880248833593
101-150,2021-05-09,76.15241057542768
101-150,2021-05-10,77.50077760497668
101-150,2021-05-11,77.93623639191291
101-150,2021-05-12,78.27060653188181
101-150,2021-05-13,78.74961119751167
101-150,2021-05-14,81.65318818040436
101-150,2021-05-15,81.63297045101089
101-150,2021-05-16,77.43856920684293
101-150,2021-05-17,77.59720062208397
101-150,2021-05-18,77.98133748055987
101-150,2021-05-19,78.11353032659409
101-150,2021-05-20,78.48833592534993
101-150,2021-05-21,81.1850699844479
101-150,2021-05-22,82.05598755832037
101-150,2021-05-23,77.78538102643857
101-150,2021-05-24,78.11664074650078
101-150,2021-05-25,78.55676516329704
101-150,2021-05-26,78.62519440124417
101-150,2021-05-27,78.89113530326594
101-150,2021-05-28,82.55209953343702
101-150,2021-05-29,82.70606531881803
101-150,2021-05-30,77.8258164852255
101-150,2021-05-31,78.37791601866252
101-150,2021-06-01,79.15707620528771
101-150,2021-06-02,79.35769828926905
101-150,2021-06-03,79.6687402799378
101-150,2021-06-04,83.35147744945567
101-150,2021-06-05,83.0886469673406
101-150,2021-06-06,78.10886469673406
101-150,2021-06-07,77.99688958009331
101-150,2021-06-08,78.47433903576983
101-150,2021-06-09,78.68740279937792
101-150,2021-06-10,79.18195956454122
101-150,2021-06-11,81.83670295489891
101-150,2021-06-12,82.7185069984448
101-150,2021-06-13,78.23328149300156
101-150,2021-06-14,78.59564541213064
101-150,2021-06-15,79.0855365474339
101-150,2021-06-16,79.42612752721618
101-150,2021-06-17,79.45723172628306
101-150,2021-06-18,81.77293934681182
101-150,2021-06-19,82.68584758942457
101-150,2021-06-20,78.27527216174184
101-150,2021-06-21,78.14307931570762
101-150,2021-06-22,78.67185069984448
101-150,2021-06-23,78.5552099533437
101-150,2021-06-24,78.78382581648522
101-150,2021-06-25,83.25505443234837
101-150,2021-06-26,84.37947122861587
101-150,2021-06-27,79.02643856920685
101-150,2021-06-28,77.95645412130638
101-150,2021-06-29,78.60653188180405
101-150,2021-06-30,78.68584758942457
101-150,2021-07-01,78.64074650077761
101-150,2021-07-02,81.09642301710731
101-150,2021-07-03,82.06687402799378
101-150,2021-07-04,77.96111975116641
101-150,2021-07-05,78.49300155520996
101-150,2021-07-06,79.02643856920685
101-150,2021-07-07,79.701399688958
101-150,2021-07-08,80.1353032659409
101-150,2021-07-09,84.51321928460342
101-150,2021-07-10,84.80870917573873
101-150,2021-07-11,79.25349922239502
101-150,2021-07-12,79.19284603421463
101-150,2021-07-13,79.60964230171074
101-150,2021-07-14,79.20839813374806
101-150,2021-07-15,79.71384136858475
101-150,2021-07-16,82.84447900466563
101-150,2021-07-17,82.57853810264386
101-150,2021-07-18,78.14774494556765
101-150,2021-07-19,78.49922239502332
101-150,2021-07-20,79.05909797822706
101-150,2021-07-21,79.87091757387248
101-150,2021-07-22,80.26438569206843
101-150,2021-07-23,84.46034214618973
101-150,2021-07-24,83.65940902021772
101-150,2021-07-25,78.84603421461897
101-150,2021-07-26,78.60342146189736
101-150,2021-07-27,79.11664074650078
101-150,2021-07-28,79.24105754276827
101-150,2021-07-29,79.61275272161741
101-150,2021-07-30,82.50077760497668
101-150,2021-07-31,82.51010886469673
101-150,2021-08-01,77.69984447900467
101-150,2021-08-02,78.16329704510109
101-150,2021-08-03,79.0
101-150,2021-08-04,78.74961119751167
101-150,2021-08-05,79.20528771384137
101-150,2021-08-06,82.47900466562986
101-150,2021-08-07,83.12597200622083
101-150,2021-08-08,78.12908242612752
101-150,2021-08-09,78.63919129082426
101-150,2021-08-10,79.08242612752721
101-150,2021-08-11,79.01866251944013
101-150,2021-08-12,79.91290824261276
101-150,2021-08-13,83.20217729393468
101-150,2021-08-14,83.18973561430793
101-150,2021-08-15,78.15552099533437
101-150,2021-08-16,78.44945567651634
101-150,2021-08-17,79.0715396578538
101-150,2021-08-18,79.48989113530327
101-150,2021-08-19,79.79471228615863
101-150,2021-08-20,82.94401244167963
101-150,2021-08-21,83.01555209953344
101-150,2021-08-22,78.59875583203733
101-150,2021-08-23,79.03265940902021
101-150,2021-08-24,79.03421461897356
101-150,2021-08-25,78.51010886469673
101-150,2021-08-26,78.81181959564542
101-150,2021-08-27,81.78071539657854
101-150,2021-08-28,81.63608087091757
101-150,2021-08-29,77.52721617418351
151-200,2020-09-01,75.1158256880734
151-200,2020-09-02,75.2545871559633
151-200,2020-09-03,76.6387614678899
151-200,2020-09-04,78.31651376146789
151-200,2020-09-05,78.55160550458716
151-200,2020-09-06,76.82912844036697
151-200,2020-09-07,75.6479357798165
151-200,2020-09-08,75.68692660550458
151-200,2020-09-09,76.08830275229357
151-200,2020-09-10,76.76720183486239
151-200,2020-09-11,79.36238532110092
151-200,2020-09-12,79.73394495412845
151-200,2020-09-13,77.22935779816514
151-200,2020-09-14,76.20412844036697
151-200,2020-09-15,76.20756880733946
151-200,2020-09-16,77.0091743119266
151-200,2020-09-17,77.97018348623853
151-200,2020-09-18,80.4598623853211
151-200,2020-09-19,80.60321100917432
151-200,2020-09-20,78.46788990825688
151-200,2020-09-21,77.6651376146789
151-200,2020-09-22,77.82339449541284
151-200,2020-09-23,77.85779816513761
151-200,2020-09-24,78.8348623853211
151-200,2020-09-25,81.29357798165138
151-200,2020-09-26,81.8704128440367
151-200,2020-09-27,79.63761467889908
151-200,2020-09-28,77.58371559633028
151-200,2020-09-29,77.3658256880734
151-200,2020-09-30,77.3979357798165
151-200,2020-10-01,78.7901376146789
151-200,2020-10-02,80.65252293577981
151-200,2020-10-03,80.96788990825688
151-200,2020-10-04,78.83371559633028
151-200,2020-10-05,78.83371559633028
151-200,2020-10-06,78.74770642201835
151-200,2020-10-07,78.73394495412845
151-200,2020-10-08,79.4598623853211
151-200,2020-10-09,81.47362385321101
151-200,2020-10-10,81.60550458715596
151-200,2020-10-11,79.26834862385321
151-200,2020-10-12,78.63761467889908
151-200,2020-10-13,78.75
151-200,2020-10-14,78.81077981651376
151-200,2020-10-15,79.34518348623853
151-200,2020-10-16,81.62385321100918
151-200,2020-10-17,81.7637614678899
151-200,2020-10-18,79.4770642201835
151-200,2020-10-19,78.64564220183486
151-200,2020-10-20,78.70642201834862
151-200,2020-10-21,78.7809633027523
151-200,2020-10-22,79.53669724770643
151-200,2020-10-23,81.4908256880734
151-200,2020-10-24,81.53899082568807
151-200,2020-10-25,79.44266055045871
151-200,2020-10-26,78.4954128440367
151-200,2020-10-27,78.49426605504587
151-200,2020-10-28,78.60779816513761
151-200,2020-10-29,79.35091743119266
151-200,2020-10-30,81.37270642201835
151-200,2020-10-31,81.35894495412845
151-200,2020-11-01,79.13073394495413
151-200,2020-11-02,78.23165137614679
151-200,2020-11-03,78.2362385321101
151-200,2020-11-04,78.23394495412845
151-200,2020-11-05,79.05848623853211
151-200,2020-11-06,81.06995412844037
151-200,2020-11-07,81.21559633027523
151-200,2020-11-08,78.77981651376147
151-200,2020-11-09,77.96559633027523
151-200,2020-11-10,78.04128440366972
151-200,2020-11-11,78.08371559633028
151-200,2020-11-12,78.86697247706422
151-200,2020-11-13,81.0229357798165
151-200,2020-11-14,81.18119266055047
151-200,2020-11-15,78.88073394495413
151-200,2020-11-16,78.01949541284404
151-200,2020-11-17,78.06766055045871
151-200,2020-11-18,78.09977064220183
151-200,2020-11-19,78.90711009174312
151-200,2020-11-20,81.1341743119266
151-200,2020-11-21,81.28211009174312
151-200,2020-11-22,78.97821100917432
151-200,2020-11-23,78.1961009174312
151-200,2020-11-24,78.26720183486239
151-200,2020-11-25,78.26605504587155
151-200,2020-11-26,79.05275229357798
151-200,2020-11-27,81.27522935779817
151-200,2020-11-28,81.38532110091744
151-200,2020-11-29,79.02866972477064
151-200,2020-11-30,78.53669724770643
151-200,2020-12-01,78.54587155963303
151-200,2020-12-02,78.5538990825688
151-200,2020-12-03,79.04816513761467
151-200,2020-12-04,81.12729357798165
151-200,2020-12-05,81.1697247706422
151-200,2020-12-06,78.89678899082568
151-200,2020-12-07,78.12270642201835
151-200,2020-12-08,78.19151376146789
151-200,2020-12-09,78.1743119266055
151-200,2020-12-10,78.94839449541284
151-200,2020-12-11,81.0091743119266
151-200,2020-12-12,81.0756880733945
151-200,2020-12-13,78.83256880733946
151-200,2020-12-14,78.15825688073394
151-200,2020-12-15,78.22018348623853
151-200,2020-12-16,78.2591743119266
151-200,2020-12-17,79.0711009174312
151-200,2020-12-18,82.03555045871559
151-200,2020-12-19,82.03211009174312
151-200,2020-12-20,82.33256880733946
151-200,2020-12-21,82.79357798165138
151-200,2020-12-22,85.50229357798165
151-200,2020-12-23,86.00688073394495
151-200,2020-12-24,86.75344036697248
151-200,2020-12-25,89.13073394495413
151-200,2020-12-26,89.5447247706422
151-200,2020-12-27,87.47935779816514
151-200,2020-12-28,88.9288990825688
151-200,2020-12-29,90.18233944954129
151-200,2020-12-30,96.53440366972477
151-200,2020-12-31,101.3887614678899
151-200,2021-01-01,95.74655963302752
151-200,2021-01-02,95.27981651376147
151-200,2021-01-03,88.63646788990826
151-200,2021-01-04,82.22247706422019
151-200,2021-01-05,82.1651376146789
151-200,2021-01-06,82.0045871559633
151-200,2021-01-07,82.55045871559633
151-200,2021-01-08,84.2270642201835
151-200,2021-01-09,84.24655963302752
151-200,2021-01-10,79.85435779816514
151-200,2021-01-11,78.48165137614679
151-200,2021-01-12,78.53899082568807
151-200,2021-01-13,80.2006880733945
151-200,2021-01-14,79.30045871559633
151-200,2021-01-15,83.98165137614679
151-200,2021-01-16,84.01605504587155
151-200,2021-01-17,80.41743119266054
151-200,2021-01-18,79.86467889908256
151-200,2021-01-19,81.66284403669725
151-200,2021-01-20,80.04128440366972
151-200,2021-01-21,82.11353211009174
151-200,2021-01-22,84.02178899082568
151-200,2021-01-23,82.7454128440367
151-200,2021-01-24,82.17545871559633
151-200,2021-01-25,78.72362385321101
151-200,2021-01-26,79.01261467889908
151-200,2021-01-27,80.60894495412845
151-200,2021-01-28,79.49770642201835
151-200,2021-01-29,81.54816513761467
151-200,2021-01-30,81.29816513761467
151-200,2021-01-31,81.12270642201835
151-200,2021-02-01,82.00573394495413
151-200,2021-02-02,83.31880733944953
151-200,2021-02-03,83.45642201834862
151-200,2021-02-04,82.34059633027523
151-200,2021-02-05,83.98279816513761
151-200,2021-02-06,82.7190366972477
151-200,2021-02-07,82.25802752293578
151-200,2021-02-08,79.8887614678899
151-200,2021-02-09,81.7190366972477
151-200,2021-02-10,80.19151376146789
151-200,2021-02-11,80.90137614678899
151-200,2021-02-12,84.34977064220183
151-200,2021-02-13,82.93922018348624
151-200,2021-02-14,80.77866972477064
151-200,2021-02-15,80.19954128440367
151-200,2021-02-16,81.97362385321101
151-200,2021-02-17,81.99197247706422
151-200,2021-02-18,82.61926605504587
151-200,2021-02-19,83.06880733944953
151-200,2021-02-20,83.08830275229357
151-200,2021-02-21,80.89449541284404
151-200,2021-02-22,81.83600917431193
151-200,2021-02-23,80.27752293577981
151-200,2021-02-24,80.31995412844037
151-200,2021-02-25,80.94839449541284
151-200,2021-02-26,83.26605504587155
151-200,2021-02-27,83.64908256880734
151-200,2021-02-28,81.4954128440367
151-200,2021-03-01,81.9197247706422
151-200,2021-03-02,83.59288990825688
151-200,2021-03-03,83.63990825688073
151-200,2021-03-04,82.10779816513761
151-200,2021-03-05,85.6961009174312
151-200,2021-03-06,85.7098623853211
151-200,2021-03-07,81.99311926605505
151-200,2021-03-08,83.64220183486239
151-200,2021-03-09,84.46444954128441
151-200,2021-03-10,84.05504587155963
151-200,2021-03-11,85.72018348623853
151-200,2021-03-12,87.29128440366972
151-200,2021-03-13,85.91399082568807
151-200,2021-03-14,85.02637614678899
151-200,2021-03-15,82.06995412844037
151-200,2021-03-16,83.7993119266055
151-200,2021-03-17,83.75688073394495
151-200,2021-03-18,83.83371559633028
151-200,2021-03-19,85.66399082568807
151-200,2021-03-20,85.67660550458716
151-200,2021-03-21,83.69495412844037
151-200,2021-03-22,83.72362385321101
151-200,2021-03-23,83.80504587155963
151-200,2021-03-24,83.82224770642202
151-200,2021-03-25,83.9197247706422
151-200,2021-03-26,85.82683486238533
151-200,2021-03-27,85.81995412844037
151-200,2021-03-28,83.86811926605505
151-200,2021-03-29,83.92201834862385
151-200,2021-03-30,84.00344036697248
151-200,2021-03-31,83.9862385321101
151-200,2021-04-01,85.3256880733945
151-200,2021-04-02,87.34862385321101
151-200,2021-04-03,86.26146788990826
151-200,2021-04-04,84.33142201834862
151-200,2021-04-05,82.46444954128441
151-200,2021-04-06,84.03669724770643
151-200,2021-04-07,84.09862385321101
151-200,2021-04-08,84.20642201834862
151-200,2021-04-09,86.27637614678899
151-200,2021-04-10,86.33600917431193
151-200,2021-04-11,84.23509174311927
151-200,2021-04-12,84.08944954128441
151-200,2021-04-13,84.11926605504587
151-200,2021-04-14,82.52064220183486
151-200,2021-04-15,84.21788990825688
151-200,2021-04-16,84.75573394495413
151-200,2021-04-17,84.91857798165138
151-200,2021-04-18,84.17775229357798
151-200,2021-04-19,84.1697247706422
151-200,2021-04-20,84.25688073394495
151-200,2021-04-21,82.53555045871559
151-200,2021-04-22,84.32912844036697
151-200,2021-04-23,86.37155963302752
151-200,2021-04-24,86.38532110091744
151-200,2021-04-25,84.31077981651376
151-200,2021-04-26,86.2052752293578
151-200,2021-04-27,86.48509174311927
151-200,2021-04-28,86.57798165137615
151-200,2021-04-29,84.78440366972477
151-200,2021-04-30,87.44724770642202
151-200,2021-05-01,86.36353211009174
151-200,2021-05-02,84.2270642201835
151-200,2021-05-03,85.29701834862385
151-200,2021-05-04,85.36009174311927
151-200,2021-05-05,83.73509174311927
151-200,2021-05-06,85.54816513761467
151-200,2021-05-07,87.55160550458716
151-200,2021-05-08,86.36467889908256
151-200,2021-05-09,84.2270642201835
151-200,2021-05-10,84.27752293577981
151-200,2021-05-11,84.38646788990826
151-200,2021-05-12,85.73853211009174
151-200,2021-05-13,86.17201834862385
151-200,2021-05-14,88.03440366972477
151-200,2021-05-15,87.99197247706422
151-200,2021-05-16,83.86811926605505
151-200,2021-05-17,85.37729357798165
151-200,2021-05-18,85.5
151-200,2021-05-19,85.60779816513761
151-200,2021-05-20,83.9770642201835
151-200,2021-05-21,88.04243119266054
151-200,2021-05-22,87.13532110091744
151-200,2021-05-23,84.50344036697248
151-200,2021-05-24,84.36009174311927
151-200,2021-05-25,84.43807339449542
151-200,2021-05-26,84.51720183486239
151-200,2021-05-27,84.58142201834862
151-200,2021-05-28,85.1341743119266
151-200,2021-05-29,85.18004587155963
151-200,2021-05-30,84.46215596330275
151-200,2021-05-31,82.85435779816514
151-200,2021-06-01,83.01720183486239
151-200,2021-06-02,83.12270642201835
151-200,2021-06-03,83.88646788990826
151-200,2021-06-04,86.0045871559633
151-200,2021-06-05,86.06422018348624
151-200,2021-06-06,83.61009174311927
151-200,2021-06-07,84.76032110091744
151-200,2021-06-08,84.2362385321101
151-200,2021-06-09,84.25344036697248
151-200,2021-06-10,84.2901376146789
151-200,2021-06-11,86.4288990825688
151-200,2021-06-12,85.32683486238533
151-200,2021-06-13,82.93119266055047
151-200,2021-06-14,84.08256880733946
151-200,2021-06-15,84.18463302752293
151-200,2021-06-16,84.19839449541284
151-200,2021-06-17,84.3038990825688
151-200,2021-06-18,86.53325688073394
151-200,2021-06-19,85.46330275229357
151-200,2021-06-20,83.06307339449542
151-200,2021-06-21,83.1479357798165
151-200,2021-06-22,83.23279816513761
151-200,2021-06-23,83.05848623853211
151-200,2021-06-24,83.15252293577981
151-200,2021-06-25,85.49311926605505
151-200,2021-06-26,85.47477064220183
151-200,2021-06-27,83.09059633027523
151-200,2021-06-28,84.19839449541284
151-200,2021-06-29,84.25229357798165
151-200,2021-06-30,84.25573394495413
151-200,2021-07-01,84.49770642201835
151-200,2021-07-02,85.50229357798165
151-200,2021-07-03,85.46788990825688
151-200,2021-07-04,83.07339449541284
151-200,2021-07-05,84.23853211009174
151-200,2021-07-06,84.39105504587155
151-200,2021-07-07,84.41284403669725
151-200,2021-07-08,84.4552752293578
151-200,2021-07-09,86.63761467889908
151-200,2021-07-10,85.49426605504587
151-200,2021-07-11,83.0711009174312
151-200,2021-07-12,83.2006880733945
151-200,2021-07-13,83.28555045871559
151-200,2021-07-14,83.30619266055047
151-200,2021-07-15,83.4506880733945
151-200,2021-07-16,85.55504587155963
151-200,2021-07-17,85.58830275229357
151-200,2021-07-18,84.4151376146789
151-200,2021-07-19,84.24311926605505
151-200,2021-07-20,84.34747706422019
151-200,2021-07-21,84.32798165137615
151-200,2021-07-22,84.43004587155963
151-200,2021-07-23,86.60321100917432
151-200,2021-07-24,85.55733944954129
151-200,2021-07-25,83.14564220183486
151-200,2021-07-26,83.19724770642202
151-200,2021-07-27,83.28325688073394
151-200,2021-07-28,83.3302752293578
151-200,2021-07-29,83.57683486238533
151-200,2021-07-30,85.81880733944953
151-200,2021-07-31,85.83944954128441
151-200,2021-08-01,83.25114678899082
151-200,2021-08-02,83.42201834862385
151-200,2021-08-03,83.40940366972477
151-200,2021-08-04,83.4243119266055
151-200,2021-08-05,83.47362385321101
151-200,2021-08-06,85.66628440366972
151-200,2021-08-07,85.74197247706422
151-200,2021-08-08,83.27752293577981
151-200,2021-08-09,83.26720183486239
151-200,2021-08-10,83.38073394495413
151-200,2021-08-11,83.33715596330275
151-200,2021-08-12,83.43577981651376
151-200,2021-08-13,85.66055045871559
151-200,2021-08-14,85.7362385321101
151-200,2021-08-15,82.70756880733946
151-200,2021-08-16,83.81422018348624
151-200,2021-08-17,83.88646788990826
151-200,2021-08-18,83.9059633027523
151-200,2021-08-19,83.98050458715596
151-200,2021-08-20,86.23279816513761
151-200,2021-08-21,85.62270642201835
151-200,2021-08-22,83.12614678899082
151-200,2021-08-23,84.22591743119266
151-200,2021-08-24,84.36811926605505
151-200,2021-08-25,84.33944954128441
151-200,2021-08-26,84.34059633027523
151-200,2021-08-27,86.7190366972477
151-200,2021-08-28,85.68004587155963
151-200,2021-08-29,83.14564220183486
201-250,2020-09-01,69.34104046242774
201-250,2020-09-02,69.36849710982659
201-250,2020-09-03,70.16040462427746
201-250,2020-09-04,73.14450867052022
201-250,2020-09-05,73.4320809248555
201-250,2020-09-06,70.29190751445087
201-250,2020-09-07,70.58526011560694
201-250,2020-09-08,70.52456647398844
201-250,2020-09-09,70.51300578034682
201-250,2020-09-10,70.75722543352602
201-250,2020-09-11,73.78034682080924
201-250,2020-09-12,73.6878612716763
201-250,2020-09-13,70.94942196531792
201-250,2020-09-14,70.67341040462428
201-250,2020-09-15,70.65028901734104
201-250,2020-09-16,70.98265895953757
201-250,2020-09-17,71.0693641618497
201-250,2020-09-18,74.2485549132948
201-250,2020-09-19,74.21242774566474
201-250,2020-09-20,71.21531791907515
201-250,2020-09-21,71.00433526011561
201-250,2020-09-22,72.64017341040463
201-250,2020-09-23,71.23699421965318
201-250,2020-09-24,73.42485549132948
201-250,2020-09-25,74.9378612716763
201-250,2020-09-26,76.94364161849711
201-250,2020-09-27,72.65606936416185
201-250,2020-09-28,73.03179190751445
201-250,2020-09-29,70.94219653179191
201-250,2020-09-30,72.39450867052022
201-250,2020-10-01,71.3699421965318
201-250,2020-10-02,74.28179190751445
201-250,2020-10-03,74.5635838150289
201-250,2020-10-04,71.85115606936417
201-250,2020-10-05,71.70953757225433
201-250,2020-10-06,71.61271676300578
201-250,2020-10-07,71.6271676300578
201-250,2020-10-08,71.53468208092485
201-250,2020-10-09,74.61705202312139
201-250,2020-10-10,74.65317919075144
201-250,2020-10-11,71.77890173410404
201-250,2020-10-12,71.79190751445087
201-250,2020-10-13,71.89884393063583
201-250,2020-10-14,71.94508670520231
201-250,2020-10-15,71.96965317919076
201-250,2020-10-16,74.69797687861272
201-250,2020-10-17,74.58092485549133
201-250,2020-10-18,71.61849710982659
201-250,2020-10-19,71.5606936416185
201-250,2020-10-20,71.60693641618496
201-250,2020-10-21,71.64017341040463
201-250,2020-10-22,71.63439306358381
201-250,2020-10-23,74.36416184971098
201-250,2020-10-24,74.28468208092485
201-250,2020-10-25,71.71098265895954
201-250,2020-10-26,71.66763005780346
201-250,2020-10-27,71.71098265895954
201-250,2020-10-28,71.79624277456648
201-250,2020-10-29,71.86416184971098
201-250,2020-10-30,74.45953757225433
201-250,2020-10-31,74.34826589595376
201-250,2020-11-01,71.14306358381504
201-250,2020-11-02,71.35693641618496
201-250,2020-11-03,71.57658959537572
201-250,2020-11-04,71.58959537572254
201-250,2020-11-05,71.51734104046243
201-250,2020-11-06,73.60115606936417
201-250,2020-11-07,73.57225433526011
201-250,2020-11-08,71.05057803468208
201-250,2020-11-09,71.15751445086705
201-250,2020-11-10,71.13728323699422
201-250,2020-11-11,71.13294797687861
201-250,2020-11-12,71.26734104046243
201-250,2020-11-13,73.49566473988439
201-250,2020-11-14,73.45375722543352
201-250,2020-11-15,71.01011560693641
201-250,2020-11-16,71.09104046242774
201-250,2020-11-17,71.0621387283237
201-250,2020-11-18,71.13728323699422
201-250,2020-11-19,71.13150289017341
201-250,2020-11-20,73.42341040462428
201-250,2020-11-21,73.42774566473989
201-250,2020-11-22,71.0592485549133
201-250,2020-11-23,71.1199421965318
201-250,2020-11-24,71.11560693641619
201-250,2020-11-25,71.63439306358381
201-250,2020-11-26,71.71676300578035
201-250,2020-11-27,74.11560693641619
201-250,2020-11-28,74.05780346820809
201-250,2020-11-29,71.08381502890174
201-250,2020-11-30,71.15606936416185
201-250,2020-12-01,71.41040462427746
201-250,2020-12-02,72.13294797687861
201-250,2020-12-03,71.38728323699422
201-250,2020-12-04,74.98410404624278
201-250,2020-12-05,74.27890173410404
201-250,2020-12-06,72.33381502890174
201-250,2020-12-07,71.53323699421965
201-250,2020-12-08,72.24132947976878
201-250,2020-12-09,71.40751445086705
201-250,2020-12-10,72.35982658959537
201-250,2020-12-11,74.28901734104046
201-250,2020-12-12,74.34537572254335
201-250,2020-12-13,71.53612716763006
201-250,2020-12-14,71.58526011560694
201-250,2020-12-15,71.5621387283237
201-250,2020-12-16,71.54913294797687
201-250,2020-12-17,71.63728323699422
201-250,2020-12-18,74.40895953757226
201-250,2020-12-19,74.67196531791907
201-250,2020-12-20,71.73843930635839
201-250,2020-12-21,71.95520231213872
201-250,2020-12-22,72.09682080924856
201-250,2020-12-23,72.35404624277457
201-250,2020-12-24,73.29768786127168
201-250,2020-12-25,76.90317919075144
201-250,2020-12-26,76.97976878612717
201-250,2020-12-27,75.20520231213872
201-250,2020-12-28,77.31502890173411
201-250,2020-12-29,80.98410404624278
201-250,2020-12-30,82.98843930635839
201-250,2020-12-31,83.88439306358381
201-250,2021-01-01,83.58092485549133
201-250,2021-01-02,81.24132947976878
201-250,2021-01-03,75.44653179190752
201-250,2021-01-04,72.44942196531792
201-250,2021-01-05,72.06647398843931
201-250,2021-01-06,72.05346820809248
201-250,2021-01-07,72.08959537572254
201-250,2021-01-08,74.60404624277457
201-250,2021-01-09,74.6242774566474
201-250,2021-01-10,72.03757225433526
201-250,2021-01-11,72.01445086705202
201-250,2021-01-12,72.01878612716763
201-250,2021-01-13,71.96820809248555
201-250,2021-01-14,72.07803468208093
201-250,2021-01-15,76.6242774566474
201-250,2021-01-16,76.61849710982659
201-250,2021-01-17,74.39884393063583
201-250,2021-01-18,74.5693641618497
201-250,2021-01-19,74.5606936416185
201-250,2021-01-20,74.55491329479769
201-250,2021-01-21,74.54768786127168
201-250,2021-01-22,76.63583815028902
201-250,2021-01-23,76.69653179190752
201-250,2021-01-24,73.47687861271676
201-250,2021-01-25,72.00578034682081
201-250,2021-01-26,72.01011560693641
201-250,2021-01-27,72.0014450867052
201-250,2021-01-28,72.01589595375722
201-250,2021-01-29,74.36849710982659
201-250,2021-01-30,74.3742774566474
201-250,2021-01-31,71.98988439306359
201-250,2021-02-01,73.6878612716763
201-250,2021-02-02,74.84393063583815
201-250,2021-02-03,75.03034682080924
201-250,2021-02-04,75.22398843930635
201-250,2021-02-05,75.68352601156069
201-250,2021-02-06,74.69364161849711
201-250,2021-02-07,72.0606936416185
201-250,2021-02-08,72.27601156069365
201-250,2021-02-09,71.88583815028902
201-250,2021-02-10,72.50722543352602
201-250,2021-02-11,72.6271676300578
201-250,2021-02-12,74.80057803468208
201-250,2021-02-13,74.80202312138728
201-250,2021-02-14,72.58236994219654
201-250,2021-02-15,72.65462427745665
201-250,2021-02-16,72.63583815028902
201-250,2021-02-17,72.63728323699422
201-250,2021-02-18,72.04768786127168
201-250,2021-02-19,74.45953757225433
201-250,2021-02-20,74.51156069364161
201-250,2021-02-21,72.07080924855491
201-250,2021-02-22,72.01011560693641
201-250,2021-02-23,71.94797687861272
201-250,2021-02-24,71.94797687861272
201-250,2021-02-25,71.94942196531792
201-250,2021-02-26,74.26156069364161
201-250,2021-02-27,74.28612716763006
201-250,2021-02-28,71.72543352601156
201-250,2021-03-01,71.93352601156069
201-250,2021-03-02,71.91763005780346
201-250,2021-03-03,71.94364161849711
201-250,2021-03-04,72.0693641618497
201-250,2021-03-05,74.66618497109826
201-250,2021-03-06,74.67196531791907
201-250,2021-03-07,71.90173410404624
201-250,2021-03-08,73.02601156069365
201-250,2021-03-09,73.09682080924856
201-250,2021-03-10,74.2528901734104
201-250,2021-03-11,74.3800578034682
201-250,2021-03-12,77.25433526011561
201-250,2021-03-13,77.16040462427746
201-250,2021-03-14,74.1806358381503
201-250,2021-03-15,72.04768786127168
201-250,2021-03-16,72.07514450867052
201-250,2021-03-17,72.04335260115607
201-250,2021-03-18,72.09971098265896
201-250,2021-03-19,74.59248554913295
201-250,2021-03-20,74.61416184971098
201-250,2021-03-21,71.9971098265896
201-250,2021-03-22,72.1242774566474
201-250,2021-03-23,72.13728323699422
201-250,2021-03-24,72.17341040462428
201-250,2021-03-25,72.28612716763006
201-250,2021-03-26,74.85838150289017
201-250,2021-03-27,74.89450867052022
201-250,2021-03-28,72.27456647398844
201-250,2021-03-29,72.33670520231213
201-250,2021-03-30,72.35260115606937
201-250,2021-03-31,72.28468208092485
201-250,2021-04-01,74.83670520231213
201-250,2021-04-02,79.95809248554913
201-250,2021-04-03,78.67052023121387
201-250,2021-04-04,77.79768786127168
201-250,2021-04-05,74.3699421965318
201-250,2021-04-06,72.84826589595376
201-250,2021-04-07,72.85549132947978
201-250,2021-04-08,72.79335260115607
201-250,2021-04-09,77.32947976878613
201-250,2021-04-10,76.01734104046243
201-250,2021-04-11,75.07947976878613
201-250,2021-04-12,72.86849710982659
201-250,2021-04-13,72.91184971098266
201-250,2021-04-14,72.90751445086705
201-250,2021-04-15,72.95231213872832
201-250,2021-04-16,75.40028901734104
201-250,2021-04-17,75.41329479768787
201-250,2021-04-18,72.71676300578035
201-250,2021-04-19,72.8699421965318
201-250,2021-04-20,72.8800578034682
201-250,2021-04-21,72.8757225433526
201-250,2021-04-22,72.94653179190752
201-250,2021-04-23,75.52167630057804
201-250,2021-04-24,75.48699421965318
201-250,2021-04-25,73.48554913294798
201-250,2021-04-26,76.14884393063583
201-250,2021-04-27,76.10549132947978
201-250,2021-04-28,76.2528901734104
201-250,2021-04-29,75.60838150289017
201-250,2021-04-30,77.4971098265896
201-250,2021-05-01,77.86705202312139
201-250,2021-05-02,75.6300578034682
201-250,2021-05-03,78.00722543352602
201-250,2021-05-04,78.03757225433526
201-250,2021-05-05,78.03757225433526
201-250,2021-05-06,78.34682080924856
201-250,2021-05-07,80.55202312138728
201-250,2021-05-08,80.63439306358381
201-250,2021-05-09,78.05780346820809
201-250,2021-05-10,78.14306358381504
201-250,2021-05-11,78.20664739884393
201-250,2021-05-12,79.17196531791907
201-250,2021-05-13,79.56647398843931
201-250,2021-05-14,81.17485549132948
201-250,2021-05-15,81.17052023121387
201-250,2021-05-16,78.36127167630057
201-250,2021-05-17,78.21965317919076
201-250,2021-05-18,78.20664739884393
201-250,2021-05-19,78.23410404624278
201-250,2021-05-20,78.26300578034682
201-250,2021-05-21,80.96098265895954
201-250,2021-05-22,81.1271676300578
201-250,2021-05-23,78.66040462427746
201-250,2021-05-24,78.39450867052022
201-250,2021-05-25,78.32225433526011
201-250,2021-05-26,78.3742774566474
201-250,2021-05-27,78.40751445086705
201-250,2021-05-28,80.94653179190752
201-250,2021-05-29,81.02890173410404
201-250,2021-05-30,78.35838150289017
201-250,2021-05-31,78.35982658959537
201-250,2021-06-01,78.34104046242774
201-250,2021-06-02,78.35838150289017
201-250,2021-06-03,78.48554913294798
201-250,2021-06-04,81.08236994219654
201-250,2021-06-05,81.19364161849711
201-250,2021-06-06,78.46531791907515
201-250,2021-06-07,78.46242774566474
201-250,2021-06-08,78.40895953757226
201-250,2021-06-09,78.30346820809248
201-250,2021-06-10,78.3135838150289
201-250,2021-06-11,80.85982658959537
201-250,2021-06-12,80.83236994219654
201-250,2021-06-13,78.29913294797687
201-250,2021-06-14,78.29479768786128
201-250,2021-06-15,78.38728323699422
201-250,2021-06-16,78.35404624277457
201-250,2021-06-17,78.42774566473989
201-250,2021-06-18,80.96965317919076
201-250,2021-06-19,81.03612716763006
201-250,2021-06-20,78.44364161849711
201-250,2021-06-21,78.51589595375722
201-250,2021-06-22,78.55635838150289
201-250,2021-06-23,78.50433526011561
201-250,2021-06-24,78.61849710982659
201-250,2021-06-25,81.08815028901734
201-250,2021-06-26,81.00433526011561
201-250,2021-06-27,78.36705202312139
201-250,2021-06-28,78.36127167630057
201-250,2021-06-29,78.36271676300578
201-250,2021-06-30,78.3699421965318
201-250,2021-07-01,78.54335260115607
201-250,2021-07-02,80.98410404624278
201-250,2021-07-03,80.23699421965318
201-250,2021-07-04,76.08670520231213
201-250,2021-07-05,76.15606936416185
201-250,2021-07-06,76.4306358381503
201-250,2021-07-07,76.4985549132948
201-250,2021-07-08,76.33236994219654
201-250,2021-07-09,78.40028901734104
201-250,2021-07-10,78.52023121387283
201-250,2021-07-11,76.19508670520231
201-250,2021-07-12,76.15173410404624
201-250,2021-07-13,76.14884393063583
201-250,2021-07-14,76.1271676300578
201-250,2021-07-15,76.52456647398844
201-250,2021-07-16,78.44653179190752
201-250,2021-07-17,78.42630057803468
201-250,2021-07-18,76.21242774566474
201-250,2021-07-19,76.23410404624278
201-250,2021-07-20,76.3179190751445
201-250,2021-07-21,76.17341040462428
201-250,2021-07-22,76.08959537572254
201-250,2021-07-23,78.14739884393063
201-250,2021-07-24,78.19219653179191
201-250,2021-07-25,76.16763005780346
201-250,2021-07-26,76.13439306358381
201-250,2021-07-27,76.17630057803468
201-250,2021-07-28,76.22687861271676
201-250,2021-07-29,76.3135838150289
201-250,2021-07-30,78.30202312138728
201-250,2021-07-31,78.27312138728324
201-250,2021-08-01,76.3179190751445
201-250,2021-08-02,76.52312138728324
201-250,2021-08-03,76.52023121387283
201-250,2021-08-04,76.44797687861272
201-250,2021-08-05,76.47687861271676
201-250,2021-08-06,78.41907514450867
201-250,2021-08-07,78.42630057803468
201-250,2021-08-08,76.41329479768787
201-250,2021-08-09,76.44219653179191
201-250,2021-08-10,76.60115606936417
201-250,2021-08-11,76.44508670520231
201-250,2021-08-12,76.41184971098266
201-250,2021-08-13,78.35838150289017
201-250,2021-08-14,78.35838150289017
201-250,2021-08-15,76.35115606936417
201-250,2021-08-16,76.38150289017341
201-250,2021-08-17,76.3800578034682
201-250,2021-08-18,76.38150289017341
201-250,2021-08-19,76.41184971098266
201-250,2021-08-20,78.35693641618496
201-250,2021-08-21,78.29046242774567
201-250,2021-08-22,76.3106936416185
201-250,2021-08-23,76.20231213872832
201-250,2021-08-24,76.24421965317919
201-250,2021-08-25,76.25722543352602
201-250,2021-08-26,76.24566473988439
201-250,2021-08-27,78.20664739884393
201-250,2021-08-28,78.22109826589596
201-250,2021-08-29,76.26734104046243
251-300,2020-09-01,78.54700854700855
251-300,2020-09-02,78.61538461538461
251-300,2020-09-03,80.33504273504273
251-300,2020-09-04,83.61880341880342
251-300,2020-09-05,85.4034188034188
251-300,2020-09-06,81.03931623931624
251-300,2020-09-07,82.26324786324787
251-300,2020-09-08,82.03760683760684
251-300,2020-09-09,82.09401709401709
251-300,2020-09-10,82.21367521367522
251-300,2020-09-11,85.04957264957265
251-300,2020-09-12,84.94529914529915
251-300,2020-09-13,81.63076923076923
251-300,2020-09-14,81.74017094017094
251-300,2020-09-15,81.84102564102564
251-300,2020-09-16,81.88888888888889
251-300,2020-09-17,82.32307692307693
251-300,2020-09-18,83.80854700854701
251-300,2020-09-19,84.38461538461539
251-300,2020-09-20,80.71282051282051
251-300,2020-09-21,80.92136752136751
251-300,2020-09-22,81.23418803418804
251-300,2020-09-23,81.75042735042734
251-300,2020-09-24,82.71111111111111
251-300,2020-09-25,85.82222222222222
251-300,2020-09-26,85.81880341880341
251-300,2020-09-27,82.86495726495727
251-300,2020-09-28,81.82051282051282
251-300,2020-09-29,81.23589743589744
251-300,2020-09-30,81.11452991452991
251-300,2020-10-01,82.53846153846153
251-300,2020-10-02,85.87863247863248
251-300,2020-10-03,85.88717948717948
251-300,2020-10-04,83.06153846153846
251-300,2020-10-05,82.68547008547009
251-300,2020-10-06,82.87692307692308
251-300,2020-10-07,82.72136752136753
251-300,2020-10-08,82.63247863247864
251-300,2020-10-09,85.66495726495727
251-300,2020-10-10,85.6034188034188
251-300,2020-10-11,83.01709401709402
251-300,2020-10-12,83.37777777777778
251-300,2020-10-13,83.27863247863247
251-300,2020-10-14,83.42905982905982
251-300,2020-10-15,83.28205128205128
251-300,2020-10-16,86.01025641025642
251-300,2020-10-17,86.32820512820513
251-300,2020-10-18,83.26153846153846
251-300,2020-10-19,83.24957264957266
251-300,2020-10-20,83.36752136752136
251-300,2020-10-21,83.26837606837607
251-300,2020-10-22,83.42735042735043
251-300,2020-10-23,85.77948717948718
251-300,2020-10-24,85.77606837606838
251-300,2020-10-25,82.99658119658119
251-300,2020-10-26,83.04786324786325
251-300,2020-10-27,83.1076923076923
251-300,2020-10-28,83.15897435897436
251-300,2020-10-29,83.14017094017095
251-300,2020-10-30,86.07008547008547
251-300,2020-10-31,85.81538461538462
251-300,2020-11-01,81.91282051282052
251-300,2020-11-02,82.11623931623932
251-300,2020-11-03,82.07179487179488
251-300,2020-11-04,82.12649572649573
251-300,2020-11-05,82.0957264957265
251-300,2020-11-06,84.82735042735042
251-300,2020-11-07,84.82735042735042
251-300,2020-11-08,81.88888888888889
251-300,2020-11-09,82.11452991452991
251-300,2020-11-10,81.85128205128206
251-300,2020-11-11,81.91452991452991
251-300,2020-11-12,82.08205128205128
251-300,2020-11-13,84.98632478632479
251-300,2020-11-14,85.03589743589744
251-300,2020-11-15,81.82905982905983
251-300,2020-11-16,81.7008547008547
251-300,2020-11-17,81.6940170940171
251-300,2020-11-18,81.80854700854701
251-300,2020-11-19,81.83589743589744
251-300,2020-11-20,84.64957264957265
251-300,2020-11-21,84.77264957264957
251-300,2020-11-22,81.85811965811966
251-300,2020-11-23,81.88205128205128
251-300,2020-11-24,81.88205128205128
251-300,2020-11-25,81.84444444444445
251-300,2020-11-26,81.97948717948718
251-300,2020-11-27,85.28034188034188
251-300,2020-11-28,85.2974358974359
251-300,2020-11-29,81.79145299145299
251-300,2020-11-30,82.03076923076924
251-300,2020-12-01,82.55213675213675
251-300,2020-12-02,82.63931623931624
251-300,2020-12-03,82.72991452991452
251-300,2020-12-04,86.37094017094017
251-300,2020-12-05,86.59487179487179
251-300,2020-12-06,82.94700854700855
251-300,2020-12-07,83.11111111111111
251-300,2020-12-08,82.94529914529915
251-300,2020-12-09,82.96410256410256
251-300,2020-12-10,83.06324786324787
251-300,2020-12-11,86.31794871794872
251-300,2020-12-12,86.4
251-300,2020-12-13,83.14017094017095
251-300,2020-12-14,83.17094017094017
251-300,2020-12-15,83.24615384615385
251-300,2020-12-16,83.31623931623932
251-300,2020-12-17,83.39487179487179
251-300,2020-12-18,86.76239316239317
251-300,2020-12-19,87.15384615384616
251-300,2020-12-20,84.35555555555555
251-300,2020-12-21,84.56410256410257
251-300,2020-12-22,84.85299145299145
251-300,2020-12-23,86.03247863247863
251-300,2020-12-24,88.7059829059829
251-300,2020-12-25,93.27350427350427
251-300,2020-12-26,93.49059829059829
251-300,2020-12-27,90.80341880341881
251-300,2020-12-28,96.68034188034189
251-300,2020-12-29,99.77094017094016
251-300,2020-12-30,106.23931623931624
251-300,2020-12-31,113.74700854700855
251-300,2021-01-01,107.72991452991452
251-300,2021-01-02,104.67692307692307
251-300,2021-01-03,94.391452991453
251-300,2021-01-04,90.61538461538461
251-300,2021-01-05,86.81709401709402
251-300,2021-01-06,86.47521367521368
251-300,2021-01-07,86.37948717948719
251-300,2021-01-08,89.5008547008547
251-300,2021-01-09,89.5111111111111
251-300,2021-01-10,86.06153846153846
251-300,2021-01-11,84.13333333333334
251-300,2021-01-12,83.85982905982905
251-300,2021-01-13,83.97948717948718
251-300,2021-01-14,84.74017094017094
251-300,2021-01-15,88.41538461538461
251-300,2021-01-16,88.42393162393162
251-300,2021-01-17,85.28205128205128
251-300,2021-01-18,85.38461538461539
251-300,2021-01-19,85.4017094017094
251-300,2021-01-20,85.2102564102564
251-300,2021-01-21,85.13504273504273
251-300,2021-01-22,87.73504273504274
251-300,2021-01-23,87.72991452991452
251-300,2021-01-24,84.07350427350427
251-300,2021-01-25,83.57606837606838
251-300,2021-01-26,83.57948717948717
251-300,2021-01-27,83.64615384615385
251-300,2021-01-28,83.57948717948717
251-300,2021-01-29,86.68034188034189
251-300,2021-01-30,86.74529914529914
251-300,2021-01-31,83.47179487179487
251-300,2021-02-01,83.61025641025641
251-300,2021-02-02,85.37948717948719
251-300,2021-02-03,86.10427350427351
251-300,2021-02-04,86.03589743589744
251-300,2021-02-05,87.19658119658119
251-300,2021-02-06,86.8017094017094
251-300,2021-02-07,83.57264957264957
251-300,2021-02-08,83.45982905982906
251-300,2021-02-09,83.57606837606838
251-300,2021-02-10,84.37606837606837
251-300,2021-02-11,84.63589743589743
251-300,2021-02-12,88.2905982905983
251-300,2021-02-13,88.31111111111112
251-300,2021-02-14,84.8119658119658
251-300,2021-02-15,84.77777777777777
251-300,2021-02-16,84.6991452991453
251-300,2021-02-17,84.72820512820513
251-300,2021-02-18,84.44786324786325
251-300,2021-02-19,87.85982905982905
251-300,2021-02-20,87.5042735042735
251-300,2021-02-21,84.23589743589744
251-300,2021-02-22,83.57094017094018
251-300,2021-02-23,83.77777777777777
251-300,2021-02-24,83.56239316239316
251-300,2021-02-25,83.51794871794871
251-300,2021-02-26,86.61709401709402
251-300,2021-02-27,86.68205128205128
251-300,2021-02-28,83.12478632478633
251-300,2021-03-01,87.11794871794872
251-300,2021-03-02,87.14017094017095
251-300,2021-03-03,87.17948717948718
251-300,2021-03-04,87.22564102564102
251-300,2021-03-05,90.2940170940171
251-300,2021-03-06,90.2957264957265
251-300,2021-03-07,87.20170940170941
251-300,2021-03-08,87.51282051282051
251-300,2021-03-09,88.68376068376068
251-300,2021-03-10,90.06837606837607
251-300,2021-03-11,90.04444444444445
251-300,2021-03-12,91.95897435897436
251-300,2021-03-13,91.9025641025641
251-300,2021-03-14,87.96410256410256
251-300,2021-03-15,87.20854700854701
251-300,2021-03-16,87.28888888888889
251-300,2021-03-17,87.36239316239316
251-300,2021-03-18,87.40512820512821
251-300,2021-03-19,90.28205128205128
251-300,2021-03-20,90.33846153846154
251-300,2021-03-21,87.26324786324787
251-300,2021-03-22,87.34529914529915
251-300,2021-03-23,87.36239316239316
251-300,2021-03-24,87.47692307692307
251-300,2021-03-25,87.67521367521367
251-300,2021-03-26,90.9008547008547
251-300,2021-03-27,90.93846153846154
251-300,2021-03-28,87.608547008547
251-300,2021-03-29,87.62393162393163
251-300,2021-03-30,87.55213675213675
251-300,2021-03-31,88.75384615384615
251-300,2021-04-01,90.06495726495727
251-300,2021-04-02,93.408547008547
251-300,2021-04-03,93.46495726495726
251-300,2021-04-04,90.9931623931624
251-300,2021-04-05,90.3982905982906
251-300,2021-04-06,89.80854700854701
251-300,2021-04-07,89.6974358974359
251-300,2021-04-08,89.97264957264957
251-300,2021-04-09,92.21709401709401
251-300,2021-04-10,92.47179487179487
251-300,2021-04-11,88.95555555555555
251-300,2021-04-12,90.46666666666667
251-300,2021-04-13,90.69572649572649
251-300,2021-04-14,90.71623931623931
251-300,2021-04-15,90.48547008547008
251-300,2021-04-16,93.18632478632479
251-300,2021-04-17,93.24615384615385
251-300,2021-04-18,90.07692307692308
251-300,2021-04-19,90.2102564102564
251-300,2021-04-20,90.37435897435897
251-300,2021-04-21,90.82393162393163
251-300,2021-04-22,90.82735042735042
251-300,2021-04-23,93.52649572649572
251-300,2021-04-24,93.88205128205128
251-300,2021-04-25,91.34700854700854
251-300,2021-04-26,94.25641025641026
251-300,2021-04-27,94.95042735042735
251-300,2021-04-28,95.2034188034188
251-300,2021-04-29,95.18461538461538
251-300,2021-04-30,98.12307692307692
251-300,2021-05-01,97.28034188034188
251-300,2021-05-02,92.06666666666666
251-300,2021-05-03,91.77948717948718
251-300,2021-05-04,91.62735042735042
251-300,2021-05-05,91.73675213675213
251-300,2021-05-06,92.18119658119659
251-300,2021-05-07,95.10940170940171
251-300,2021-05-08,95.08376068376069
251-300,2021-05-09,91.6017094017094
251-300,2021-05-10,91.08376068376069
251-300,2021-05-11,91.11965811965813
251-300,2021-05-12,91.72478632478632
251-300,2021-05-13,93.56239316239316
251-300,2021-05-14,96.10598290598291
251-300,2021-05-15,96.26495726495726
251-300,2021-05-16,91.99145299145299
251-300,2021-05-17,91.68205128205128
251-300,2021-05-18,90.14871794871794
251-300,2021-05-19,90.18290598290598
251-300,2021-05-20,91.03760683760684
251-300,2021-05-21,96.11623931623932
251-300,2021-05-22,97.76923076923077
251-300,2021-05-23,93.52820512820513
251-300,2021-05-24,92.5111111111111
251-300,2021-05-25,92.0068376068376
251-300,2021-05-26,92.08888888888889
251-300,2021-05-27,92.1982905982906
251-300,2021-05-28,95.53675213675214
251-300,2021-05-29,95.93162393162393
251-300,2021-05-30,91.8923076923077
251-300,2021-05-31,91.64786324786324
251-300,2021-06-01,91.94017094017094
251-300,2021-06-02,92.22905982905984
251-300,2021-06-03,93.02393162393163
251-300,2021-06-04,97.00854700854701
251-300,2021-06-05,96.74700854700855
251-300,2021-06-06,91.6923076923077
251-300,2021-06-07,90.42222222222222
251-300,2021-06-08,91.57948717948717
251-300,2021-06-09,91.11452991452991
251-300,2021-06-10,91.12649572649573
251-300,2021-06-11,94.13675213675214
251-300,2021-06-12,94.0991452991453
251-300,2021-06-13,90.7965811965812
251-300,2021-06-14,91.34700854700854
251-300,2021-06-15,91.51794871794871
251-300,2021-06-16,91.15213675213676
251-300,2021-06-17,91.27863247863247
251-300,2021-06-18,94.34188034188034
251-300,2021-06-19,94.38119658119658
251-300,2021-06-20,90.9008547008547
251-300,2021-06-21,90.96410256410256
251-300,2021-06-22,91.1025641025641
251-300,2021-06-23,91.18119658119659
251-300,2021-06-24,91.64786324786324
251-300,2021-06-25,94.4957264957265
251-300,2021-06-26,94.15897435897436
251-300,2021-06-27,90.97606837606837
251-300,2021-06-28,91.08376068376069
251-300,2021-06-29,91.0923076923077
251-300,2021-06-30,91.16752136752137
251-300,2021-07-01,90.89401709401709
251-300,2021-07-02,94.2991452991453
251-300,2021-07-03,94.53504273504274
251-300,2021-07-04,90.8017094017094
251-300,2021-07-05,91.0017094017094
251-300,2021-07-06,90.74529914529914
251-300,2021-07-07,90.79829059829059
251-300,2021-07-08,90.78632478632478
251-300,2021-07-09,94.42051282051283
251-300,2021-07-10,94.64444444444445
251-300,2021-07-11,90.54358974358975
251-300,2021-07-12,91.21880341880342
251-300,2021-07-13,91.19145299145299
251-300,2021-07-14,91.33333333333333
251-300,2021-07-15,90.97606837606837
251-300,2021-07-16,94.20170940170941
251-300,2021-07-17,94.36923076923077
251-300,2021-07-18,91.35555555555555
251-300,2021-07-19,91.55213675213675
251-300,2021-07-20,91.55555555555556
251-300,2021-07-21,91.57948717948717
251-300,2021-07-22,91.11623931623932
251-300,2021-07-23,94.68547008547009
251-300,2021-07-24,94.71965811965812
251-300,2021-07-25,90.79145299145299
251-300,2021-07-26,90.96581196581197
251-300,2021-07-27,90.97948717948718
251-300,2021-07-28,91.03589743589744
251-300,2021-07-29,91.0974358974359
251-300,2021-07-30,94.3008547008547
251-300,2021-07-31,94.14017094017095
251-300,2021-08-01,95.37094017094017
251-300,2021-08-02,95.78803418803419
251-300,2021-08-03,95.81367521367521
251-300,2021-08-04,95.83076923076923
251-300,2021-08-05,95.9025641025641
251-300,2021-08-06,97.56581196581196
251-300,2021-08-07,97.1948717948718
251-300,2021-08-08,95.44786324786325
251-300,2021-08-09,95.49230769230769
251-300,2021-08-10,95.46495726495726
251-300,2021-08-11,95.47863247863248
251-300,2021-08-12,95.54700854700855
251-300,2021-08-13,96.76581196581196
251-300,2021-08-14,96.76923076923077
251-300,2021-08-15,95.00341880341881
251-300,2021-08-16,95.04444444444445
251-300,2021-08-17,95.00341880341881
251-300,2021-08-18,95.05811965811967
251-300,2021-08-19,95.11111111111111
251-300,2021-08-20,96.7948717948718
251-300,2021-08-21,96.88717948717948
251-300,2021-08-22,95.12649572649573
251-300,2021-08-23,101.67008547008547
251-300,2021-08-24,101.66837606837606
251-300,2021-08-25,101.68376068376068
251-300,2021-08-26,101.72991452991452
251-300,2021-08-27,103.16752136752137
251-300,2021-08-28,103.17094017094017
251-300,2021-08-29,99.66837606837606
300+,2020-09-01,88.57738791423002
300+,2020-09-02,88.54502923976608
300+,2020-09-03,88.84990253411306
300+,2020-09-04,92.40428849902534
300+,2020-09-05,92.77387914230019
300+,2020-09-06,89.22456140350877
300+,2020-09-07,89.41910331384015
300+,2020-09-08,89.63313840155945
300+,2020-09-09,89.99493177387914
300+,2020-09-10,90.07407407407408
300+,2020-09-11,93.18713450292398
300+,2020-09-12,93.51890838206627
300+,2020-09-13,89.9017543859649
300+,2020-09-14,90.40974658869396
300+,2020-09-15,90.40233918128655
300+,2020-09-16,90.63313840155945
300+,2020-09-17,90.92358674463938
300+,2020-09-18,96.19025341130605
300+,2020-09-19,96.38830409356726
300+,2020-09-20,92.64444444444445
300+,2020-09-21,93.23469785575048
300+,2020-09-22,92.0401559454191
300+,2020-09-23,92.28888888888889
300+,2020-09-24,92.77115009746589
300+,2020-09-25,96.16179337231969
300+,2020-09-26,96.69317738791423
300+,2020-09-27,93.10448343079922
300+,2020-09-28,92.07524366471735
300+,2020-09-29,91.70760233918129
300+,2020-09-30,91.4608187134503
300+,2020-10-01,92.98635477582846
300+,2020-10-02,96.15321637426901
300+,2020-10-03,96.59493177387914
300+,2020-10-04,92.7879142300195
300+,2020-10-05,93.03352826510721
300+,2020-10-06,92.93138401559455
300+,2020-10-07,92.92943469785575
300+,2020-10-08,93.05458089668616
300+,2020-10-09,95.86432748538012
300+,2020-10-10,96.17738791423002
300+,2020-10-11,93.09200779727095
300+,2020-10-12,93.66705653021442
300+,2020-10-13,93.69239766081871
300+,2020-10-14,93.55672514619883
300+,2020-10-15,93.44366471734892
300+,2020-10-16,96.30409356725146
300+,2020-10-17,96.29239766081871
300+,2020-10-18,92.8
300+,2020-10-19,92.9029239766082
300+,2020-10-20,92.90682261208578
300+,2020-10-21,92.94346978557505
300+,2020-10-22,93.10331384015595
300+,2020-10-23,96.00350877192983
300+,2020-10-24,95.98089668615984
300+,2020-10-25,92.5364522417154
300+,2020-10-26,92.92124756335282
300+,2020-10-27,92.9243664717349
300+,2020-10-28,93.08070175438597
300+,2020-10-29,93.0962962962963
300+,2020-10-30,95.83118908382066
300+,2020-10-31,95.9485380116959
300+,2020-11-01,91.8916179337232
300+,2020-11-02,92.16218323586745
300+,2020-11-03,92.14502923976609
300+,2020-11-04,92.38011695906432
300+,2020-11-05,92.47446393762183
300+,2020-11-06,95.16569200779728
300+,2020-11-07,95.19883040935673
300+,2020-11-08,91.75828460038986
300+,2020-11-09,91.99220272904483
300+,2020-11-10,92.16881091617934
300+,2020-11-11,92.27173489278752
300+,2020-11-12,92.43313840155946
300+,2020-11-13,95.03781676413256
300+,2020-11-14,95.10058479532164
300+,2020-11-15,91.64639376218324
300+,2020-11-16,91.9270955165692
300+,2020-11-17,91.98557504873294
300+,2020-11-18,92.14736842105263
300+,2020-11-19,92.26120857699804
300+,2020-11-20,94.99844054580896
300+,2020-11-21,95.08070175438597
300+,2020-11-22,91.70604288499025
300+,2020-11-23,91.9551656920078
300+,2020-11-24,92.27836257309941
300+,2020-11-25,92.57192982456141
300+,2020-11-26,92.75243664717348
300+,2020-11-27,95.79142300194931
300+,2020-11-28,95.90877192982457
300+,2020-11-29,91.91812865497076
300+,2020-11-30,92.09512670565302
300+,2020-12-01,92.53060428849902
300+,2020-12-02,92.65029239766082
300+,2020-12-03,92.99454191033138
300+,2020-12-04,96.02923976608187
300+,2020-12-05,96.15594541910332
300+,2020-12-06,92.24093567251462
300+,2020-12-07,92.39142300194932
300+,2020-12-08,92.48304093567252
300+,2020-12-09,92.46744639376219
300+,2020-12-10,92.71578947368421
300+,2020-12-11,95.97738791423002
300+,2020-12-12,96.035477582846
300+,2020-12-13,92.22651072124756
300+,2020-12-14,92.40545808966861
300+,2020-12-15,92.54775828460039
300+,2020-12-16,92.58479532163743
300+,2020-12-17,92.84756335282651
300+,2020-12-18,96.33138401559454
300+,2020-12-19,96.64600389863548
300+,2020-12-20,93.83040935672514
300+,2020-12-21,94.83586744639376
300+,2020-12-22,95.50643274853802
300+,2020-12-23,97.33450292397661
300+,2020-12-24,99.50253411306043
300+,2020-12-25,104.1606237816764
300+,2020-12-26,105.2654970760234
300+,2020-12-27,103.95360623781676
300+,2020-12-28,105.17738791423002
300+,2020-12-29,109.97231968810917
300+,2020-12-30,118.94385964912281
300+,2020-12-31,125.5625730994152
300+,2021-01-01,116.13762183235868
300+,2021-01-02,110.05185185185185
300+,2021-01-03,101.96686159844054
300+,2021-01-04,95.78635477582846
300+,2021-01-05,95.05614035087719
300+,2021-01-06,93.92787524366472
300+,2021-01-07,93.79688109161793
300+,2021-01-08,96.66393762183236
300+,2021-01-09,96.65185185185184
300+,2021-01-10,93.43898635477584
300+,2021-01-11,93.45730994152046
300+,2021-01-12,93.52787524366472
300+,2021-01-13,93.52826510721248
300+,2021-01-14,94.55750487329435
300+,2021-01-15,98.47407407407407
300+,2021-01-16,98.49707602339181
300+,2021-01-17,95.21013645224171
300+,2021-01-18,95.44795321637427
300+,2021-01-19,95.45146198830409
300+,2021-01-20,95.41559454191034
300+,2021-01-21,95.31539961013645
300+,2021-01-22,98.26588693957115
300+,2021-01-23,98.22768031189084
300+,2021-01-24,94.69239766081871
300+,2021-01-25,94.18362573099415
300+,2021-01-26,94.07134502923977
300+,2021-01-27,93.90331384015595
300+,2021-01-28,93.42573099415205
300+,2021-01-29,96.26081871345029
300+,2021-01-30,96.25575048732944
300+,2021-01-31,93.10409356725147
300+,2021-02-01,95.13684210526316
300+,2021-02-02,97.45964912280702
300+,2021-02-03,98.54970760233918
300+,2021-02-04,98.7083820662768
300+,2021-02-05,99.1270955165692
300+,2021-02-06,98.77426900584796
300+,2021-02-07,94.83079922027291
300+,2021-02-08,93.78167641325535
300+,2021-02-09,93.83313840155945
300+,2021-02-10,95.11539961013645
300+,2021-02-11,95.5906432748538
300+,2021-02-12,98.7317738791423
300+,2021-02-13,98.95009746588694
300+,2021-02-14,95.64912280701755
300+,2021-02-15,95.71228070175438
300+,2021-02-16,95.6428849902534
300+,2021-02-17,95.65224171539961
300+,2021-02-18,95.71267056530215
300+,2021-02-19,98.82651072124756
300+,2021-02-20,98.86471734892787
300+,2021-02-21,95.32436647173489
300+,2021-02-22,93.89590643274853
300+,2021-02-23,94.19415204678363
300+,2021-02-24,94.49005847953217
300+,2021-02-25,94.47836257309942
300+,2021-02-26,97.12319688109162
300+,2021-02-27,97.05068226120858
300+,2021-02-28,93.65536062378168
300+,2021-03-01,102.67875243664717
300+,2021-03-02,103.02534113060429
300+,2021-03-03,103.23703703703704
300+,2021-03-04,103.35828460038987
300+,2021-03-05,105.76803118908381
300+,2021-03-06,105.62768031189084
300+,2021-03-07,102.65107212475634
300+,2021-03-08,103.48499025341131
300+,2021-03-09,105.34658869395712
300+,2021-03-10,107.08343079922027
300+,2021-03-11,107.32475633528266
300+,2021-03-12,109.07524366471735
300+,2021-03-13,108.7009746588694
300+,2021-03-14,104.90253411306043
300+,2021-03-15,103.01949317738791
300+,2021-03-16,100.84327485380118
300+,2021-03-17,100.85497076023391
300+,2021-03-18,100.89395711500974
300+,2021-03-19,103.6280701754386
300+,2021-03-20,103.70604288499025
300+,2021-03-21,100.84600389863547
300+,2021-03-22,100.99922027290448
300+,2021-03-23,101.03781676413256
300+,2021-03-24,101.10097465886939
300+,2021-03-25,101.20818713450292
300+,2021-03-26,104.05964912280702
300+,2021-03-27,104.08070175438597
300+,2021-03-28,101.21013645224171
300+,2021-03-29,101.45224171539961
300+,2021-03-30,101.54385964912281
300+,2021-03-31,101.5812865497076
300+,2021-04-01,100.87134502923976
300+,2021-04-02,104.20545808966861
300+,2021-04-03,104.61247563352826
300+,2021-04-04,101.72865497076023
300+,2021-04-05,100.75945419103314
300+,2021-04-06,100.90253411306043
300+,2021-04-07,100.90136452241715
300+,2021-04-08,100.99766081871346
300+,2021-04-09,99.7766081871345
300+,2021-04-10,100.07095516569201
300+,2021-04-11,96.58713450292397
300+,2021-04-12,101.21130604288498
300+,2021-04-13,101.38479532163743
300+,2021-04-14,101.34775828460039
300+,2021-04-15,101.70292397660819
300+,2021-04-16,104.62495126705653
300+,2021-04-17,104.72709551656921
300+,2021-04-18,101.5953216374269
300+,2021-04-19,103.67719298245613
300+,2021-04-20,103.6916179337232
300+,2021-04-21,103.71267056530215
300+,2021-04-22,103.78674463937622
300+,2021-04-23,106.28654970760233
300+,2021-04-24,108.56413255360624
300+,2021-04-25,103.49005847953217
300+,2021-04-26,107.8541910331384
300+,2021-04-27,109.81637426900585
300+,2021-04-28,110.45847953216374
300+,2021-04-29,109.4756335282651
300+,2021-04-30,112.33723196881091
300+,2021-05-01,111.36101364522418
300+,2021-05-02,106.51384015594542
300+,2021-05-03,104.84756335282651
300+,2021-05-04,103.99688109161794
300+,2021-05-05,104.1738791423002
300+,2021-05-06,104.01832358674464
300+,2021-05-07,105.65497076023392
300+,2021-05-08,105.78986354775829
300+,2021-05-09,103.9785575048733
300+,2021-05-10,104.18479532163742
300+,2021-05-11,104.16452241715399
300+,2021-05-12,105.03235867446394
300+,2021-05-13,104.96296296296296
300+,2021-05-14,107.49707602339181
300+,2021-05-15,107.60896686159845
300+,2021-05-16,104.99454191033138
300+,2021-05-17,104.75087719298246
300+,2021-05-18,101.7477582846004
300+,2021-05-19,101.79571150097466
300+,2021-05-20,101.9009746588694
300+,2021-05-21,107.23118908382067
300+,2021-05-22,108.82534113060429
300+,2021-05-23,105.0729044834308
300+,2021-05-24,103.83781676413255
300+,2021-05-25,102.88654970760234
300+,2021-05-26,102.75438596491227
300+,2021-05-27,104.67173489278753
300+,2021-05-28,107.67719298245613
300+,2021-05-29,108.03937621832358
300+,2021-05-30,104.95126705653021
300+,2021-05-31,104.96101364522417
300+,2021-06-01,104.9672514619883
300+,2021-06-02,105.01091617933723
300+,2021-06-03,105.17037037037036
300+,2021-06-04,108.09668615984405
300+,2021-06-05,107.81949317738791
300+,2021-06-06,104.66276803118909
300+,2021-06-07,104.52514619883041
300+,2021-06-08,105.10253411306043
300+,2021-06-09,104.69863547758284
300+,2021-06-10,104.75048732943469
300+,2021-06-11,106.1719298245614
300+,2021-06-12,106.25068226120858
300+,2021-06-13,103.07719298245614
300+,2021-06-14,102.9766081871345
300+,2021-06-15,103.5337231968811
300+,2021-06-16,103.58089668615985
300+,2021-06-17,103.66705653021442
300+,2021-06-18,106.63820662768032
300+,2021-06-19,106.8374269005848
300+,2021-06-20,103.44015594541911
300+,2021-06-21,103.60038986354776
300+,2021-06-22,103.65068226120857
300+,2021-06-23,103.65263157894736
300+,2021-06-24,103.71267056530215
300+,2021-06-25,106.62378167641326
300+,2021-06-26,106.70682261208577
300+,2021-06-27,103.53411306042885
300+,2021-06-28,103.2701754385965
300+,2021-06-29,105.0066276803119
300+,2021-06-30,105.01988304093567
300+,2021-07-01,105.28810916179337
300+,2021-07-02,108.2374269005848
300+,2021-07-03,108.39025341130605
300+,2021-07-04,103.41520467836257
300+,2021-07-05,103.34191033138401
300+,2021-07-06,103.41247563352826
300+,2021-07-07,103.83586744639376
300+,2021-07-08,103.86276803118908
300+,2021-07-09,107.12982456140351
300+,2021-07-10,107.50058479532164
300+,2021-07-11,103.83547758284601
300+,2021-07-12,103.25847953216375
300+,2021-07-13,103.19493177387915
300+,2021-07-14,103.25380116959064
300+,2021-07-15,103.54775828460039
300+,2021-07-16,106.5766081871345
300+,2021-07-17,106.717738791423
300+,2021-07-18,103.58050682261208
300+,2021-07-19,103.56569200779727
300+,2021-07-20,103.57621832358674
300+,2021-07-21,103.48927875243665
300+,2021-07-22,103.15672514619882
300+,2021-07-23,106.42923976608188
300+,2021-07-24,106.75672514619883
300+,2021-07-25,103.46003898635477
300+,2021-07-26,103.32592592592593
300+,2021-07-27,103.329044834308
300+,2021-07-28,103.35984405458089
300+,2021-07-29,103.40779727095517
300+,2021-07-30,106.45497076023392
300+,2021-07-31,106.67251461988305
300+,2021-08-01,120.83313840155945
300+,2021-08-02,120.97115009746588
300+,2021-08-03,120.96959064327486
300+,2021-08-04,120.97777777777777
300+,2021-08-05,121.07407407407408
300+,2021-08-06,123.92358674463938
300+,2021-08-07,124.14424951267057
300+,2021-08-08,120.94541910331384
300+,2021-08-09,120.86939571150097
300+,2021-08-10,120.86939571150097
300+,2021-08-11,120.85224171539961
300+,2021-08-12,120.97037037037038
300+,2021-08-13,123.86627680311891
300+,2021-08-14,124.04912280701754
300+,2021-08-15,120.9953216374269
300+,2021-08-16,120.85964912280701
300+,2021-08-17,120.82027290448343
300+,2021-08-18,120.84405458089668
300+,2021-08-19,120.91929824561403
300+,2021-08-20,123.83352826510722
300+,2021-08-21,124.02846003898635
300+,2021-08-22,120.96179337231969
300+,2021-08-23,120.86315789473684
300+,2021-08-24,120.8615984405458
300+,2021-08-25,120.88382066276803
300+,2021-08-26,120.72046783625731
300+,2021-08-27,123.75477582846004
300+,2021-08-28,124.43001949317738
300+,2021-08-29,121.39376218323586
