room_type,date,price
Entire home/apt,2020-09-01,86.68054133970203
Entire home/apt,2020-09-02,86.63436824746958
Entire home/apt,2020-09-03,87.31377231889003
Entire home/apt,2020-09-04,90.38064369384738
Entire home/apt,2020-09-05,91.08722847719777
Entire home/apt,2020-09-06,88.47651540998521
Entire home/apt,2020-09-07,87.72125554418287
Entire home/apt,2020-09-08,87.77561696804275
Entire home/apt,2020-09-09,87.96349368816104
Entire home/apt,2020-09-10,88.0992835209826
Entire home/apt,2020-09-11,90.70681223700672
Entire home/apt,2020-09-12,90.75798930967815
Entire home/apt,2020-09-13,88.05094961901513
Entire home/apt,2020-09-14,87.76595018764927
Entire home/apt,2020-09-15,87.83907653815535
Entire home/apt,2020-09-16,88.07437734561583
Entire home/apt,2020-09-17,88.48299783919026
Entire home/apt,2020-09-18,91.62617991584214
Entire home/apt,2020-09-19,91.78733083134311
Entire home/apt,2020-09-20,89.0330945069942
Entire home/apt,2020-09-21,89.15023313999772
Entire home/apt,2020-09-22,89.00170590242239
Entire home/apt,2020-09-23,89.1219151597862
Entire home/apt,2020-09-24,90.36119640623222
Entire home/apt,2020-09-25,93.47651540998521
Entire home/apt,2020-09-26,93.79642897759581
Entire home/apt,2020-09-27,90.30581144091892
Entire home/apt,2020-09-28,89.0661890139884
Entire home/apt,2020-09-29,88.64960764244285
Entire home/apt,2020-09-30,88.59024223814397
Entire home/apt,2020-10-01,89.59581485272376
Entire home/apt,2020-10-02,92.16308427157966
Entire home/apt,2020-10-03,92.35209825997953
Entire home/apt,2020-10-04,89.63300352553168
Entire home/apt,2020-10-05,89.34550210394632
Entire home/apt,2020-10-06,89.41624019106108
Entire home/apt,2020-10-07,89.40338905947912
Entire home/apt,2020-10-08,89.72887524166951
Entire home/apt,2020-10-09,92.1232798817241
Entire home/apt,2020-10-10,92.2322301831002
Entire home/apt,2020-10-11,89.71738883202548
Entire home/apt,2020-10-12,89.60889343796201
Entire home/apt,2020-10-13,89.69111793472081
Entire home/apt,2020-10-14,89.67451381780963
Entire home/apt,2020-10-15,89.8877516206073
Entire home/apt,2020-10-16,92.38155350847265
Entire home/apt,2020-10-17,92.42351870806323
Entire home/apt,2020-10-18,89.6100307062436
Entire home/apt,2020-10-19,89.32776071875355
Entire home/apt,2020-10-20,89.46980552712385
Entire home/apt,2020-10-21,89.49869214147617
Entire home/apt,2020-10-22,89.8027976799727
Entire home/apt,2020-10-23,92.1213465256454
Entire home/apt,2020-10-24,92.34732173319686
Entire home/apt,2020-10-25,89.74934607073808
Entire home/apt,2020-10-26,89.65210963266235
Entire home/apt,2020-10-27,89.7184123734789
Entire home/apt,2020-10-28,89.78710337768679
Entire home/apt,2020-10-29,89.83464119185716
Entire home/apt,2020-10-30,92.2426930512908
Entire home/apt,2020-10-31,92.30865461162288
Entire home/apt,2020-11-01,88.38644376208347
Entire home/apt,2020-11-02,87.96372114181736
Entire home/apt,2020-11-03,88.01478448766063
Entire home/apt,2020-11-04,88.03662003866712
Entire home/apt,2020-11-05,88.26805413397021
Entire home/apt,2020-11-06,90.65677243261685
Entire home/apt,2020-11-07,90.6709882861367
Entire home/apt,2020-11-08,88.15591948140566
Entire home/apt,2020-11-09,87.863186625725
Entire home/apt,2020-11-10,87.92835209825998
Entire home/apt,2020-11-11,87.92437165927443
Entire home/apt,2020-11-12,88.19549641760491
Entire home/apt,2020-11-13,90.64141931081542
Entire home/apt,2020-11-14,90.66461958375982
Entire home/apt,2020-11-15,88.12339360855226
Entire home/apt,2020-11-16,87.79767997270557
Entire home/apt,2020-11-17,87.83373137723189
Entire home/apt,2020-11-18,87.8979870351416
Entire home/apt,2020-11-19,88.13897418401001
Entire home/apt,2020-11-20,90.58762652109633
Entire home/apt,2020-11-21,90.60957579893096
Entire home/apt,2020-11-22,88.15364494484248
Entire home/apt,2020-11-23,87.9084499033322
Entire home/apt,2020-11-24,87.9922665756852
Entire home/apt,2020-11-25,88.09234618446492
Entire home/apt,2020-11-26,88.37598089389287
Entire home/apt,2020-11-27,90.94359149323326
Entire home/apt,2020-11-28,90.94188559081087
Entire home/apt,2020-11-29,88.27521892414421
Entire home/apt,2020-11-30,88.03764358012054
Entire home/apt,2020-12-01,88.26361878767202
Entire home/apt,2020-12-02,88.33742749914705
Entire home/apt,2020-12-03,88.4911861708177
Entire home/apt,2020-12-04,91.18594336403957
Entire home/apt,2020-12-05,91.2024337541226
Entire home/apt,2020-12-06,88.66734902763562
Entire home/apt,2020-12-07,88.29057204594564
Entire home/apt,2020-12-08,88.35130217218241
Entire home/apt,2020-12-09,88.29637211418174
Entire home/apt,2020-12-10,88.63095644262482
Entire home/apt,2020-12-11,91.19765722733993
Entire home/apt,2020-12-12,91.27476401683157
Entire home/apt,2020-12-13,88.70294552484931
Entire home/apt,2020-12-14,88.40065961560332
Entire home/apt,2020-12-15,88.51552371204367
Entire home/apt,2020-12-16,88.56931650176277
Entire home/apt,2020-12-17,88.87046514272717
Entire home/apt,2020-12-18,91.70101216877062
Entire home/apt,2020-12-19,91.92289321050836
Entire home/apt,2020-12-20,89.71716137836916
Entire home/apt,2020-12-21,89.97691345388377
Entire home/apt,2020-12-22,90.62993290117139
Entire home/apt,2020-12-23,91.67565108609121
Entire home/apt,2020-12-24,92.85067667462755
Entire home/apt,2020-12-25,95.6100307062436
Entire home/apt,2020-12-26,96.27954054361423
Entire home/apt,2020-12-27,94.97725463436825
Entire home/apt,2020-12-28,96.30467417263732
Entire home/apt,2020-12-29,99.14909587171614
Entire home/apt,2020-12-30,103.13010349141362
Entire home/apt,2020-12-31,105.87728875241669
Entire home/apt,2021-01-01,102.49129989764586
Entire home/apt,2021-01-02,100.17445695439554
Entire home/apt,2021-01-03,95.3998635278062
Entire home/apt,2021-01-04,91.7948368020016
Entire home/apt,2021-01-05,91.18014329580348
Entire home/apt,2021-01-06,90.78005231434095
Entire home/apt,2021-01-07,90.85738655748891
Entire home/apt,2021-01-08,93.12316615489594
Entire home/apt,2021-01-09,93.13089957921073
Entire home/apt,2021-01-10,90.44853861025815
Entire home/apt,2021-01-11,90.00739224383032
Entire home/apt,2021-01-12,89.97236438075743
Entire home/apt,2021-01-13,90.10155805754577
Entire home/apt,2021-01-14,90.57659501876492
Entire home/apt,2021-01-15,93.3731377231889
Entire home/apt,2021-01-16,93.38928693278744
Entire home/apt,2021-01-17,90.85044922097123
Entire home/apt,2021-01-18,90.66678039349483
Entire home/apt,2021-01-19,90.86932787444559
Entire home/apt,2021-01-20,90.71795746616627
Entire home/apt,2021-01-21,91.00216080973502
Entire home/apt,2021-01-22,93.27715228022291
Entire home/apt,2021-01-23,93.1699078812692
Entire home/apt,2021-01-24,90.79517798248607
Entire home/apt,2021-01-25,90.32525872853407
Entire home/apt,2021-01-26,90.33026270897305
Entire home/apt,2021-01-27,90.44091891277152
Entire home/apt,2021-01-28,90.23598316842943
Entire home/apt,2021-01-29,92.57204594563858
Entire home/apt,2021-01-30,92.58068918457865
Entire home/apt,2021-01-31,90.42761287387695
Entire home/apt,2021-02-01,90.62322301831001
Entire home/apt,2021-02-02,91.29762310929148
Entire home/apt,2021-02-03,91.35914932332537
Entire home/apt,2021-02-04,91.42522461048561
Entire home/apt,2021-02-05,93.28283862163084
Entire home/apt,2021-02-06,93.23973615375867
Entire home/apt,2021-02-07,90.84328443079723
Entire home/apt,2021-02-08,90.14557034004322
Entire home/apt,2021-02-09,90.29944273854203
Entire home/apt,2021-02-10,90.66063914477425
Entire home/apt,2021-02-11,90.8695553281019
Entire home/apt,2021-02-12,93.44603662003867
Entire home/apt,2021-02-13,93.3251450017059
Entire home/apt,2021-02-14,90.9117479813488
Entire home/apt,2021-02-15,90.76720118275901
Entire home/apt,2021-02-16,90.95678380529966
Entire home/apt,2021-02-17,90.98623905379279
Entire home/apt,2021-02-18,91.14625270101217
Entire home/apt,2021-02-19,93.40054588877516
Entire home/apt,2021-02-20,93.4346639372228
Entire home/apt,2021-02-21,90.90117138633003
Entire home/apt,2021-02-22,90.4335266689412
Entire home/apt,2021-02-23,90.32980780166041
Entire home/apt,2021-02-24,90.36563175253042
Entire home/apt,2021-02-25,90.4834527465029
Entire home/apt,2021-02-26,92.85886500625497
Entire home/apt,2021-02-27,93.02695325827362
Entire home/apt,2021-02-28,90.59968156488115
Entire home/apt,2021-03-01,91.41635391788923
Entire home/apt,2021-03-02,91.27180711929944
Entire home/apt,2021-03-03,91.35369043557375
Entire home/apt,2021-03-04,91.27681109973842
Entire home/apt,2021-03-05,93.66825884226088
Entire home/apt,2021-03-06,93.67587853974753
Entire home/apt,2021-03-07,91.1089503013761
Entire home/apt,2021-03-08,91.43455021039463
Entire home/apt,2021-03-09,91.76549528033664
Entire home/apt,2021-03-10,92.13533492550893
Entire home/apt,2021-03-11,92.51950415102922
Entire home/apt,2021-03-12,94.6001364721938
Entire home/apt,2021-03-13,94.34174911861709
Entire home/apt,2021-03-14,91.9611054247697
Entire home/apt,2021-03-15,91.1960650517457
Entire home/apt,2021-03-16,90.72216535880814
Entire home/apt,2021-03-17,90.76799727055612
Entire home/apt,2021-03-18,90.88172409871488
Entire home/apt,2021-03-19,93.09860116001364
Entire home/apt,2021-03-20,93.22131240759695
Entire home/apt,2021-03-21,90.86910042078927
Entire home/apt,2021-03-22,90.85568065506654
Entire home/apt,2021-03-23,90.9274422836347
Entire home/apt,2021-03-24,90.9636074149892
Entire home/apt,2021-03-25,91.13260548163312
Entire home/apt,2021-03-26,93.4062322301831
Entire home/apt,2021-03-27,93.51677470715342
Entire home/apt,2021-03-28,91.07949505288298
Entire home/apt,2021-03-29,91.13351529625838
Entire home/apt,2021-03-30,91.22483793926988
Entire home/apt,2021-03-31,91.26395996815648
Entire home/apt,2021-04-01,91.71591038325941
Entire home/apt,2021-04-02,94.11327192084613
Entire home/apt,2021-04-03,94.30092118730809
Entire home/apt,2021-04-04,92.02774934607073
Entire home/apt,2021-04-05,91.53212782895486
Entire home/apt,2021-04-06,91.510747185261
Entire home/apt,2021-04-07,91.54850449220972
Entire home/apt,2021-04-08,91.67690208120095
Entire home/apt,2021-04-09,94.23450471966336
Entire home/apt,2021-04-10,94.31092914818606
Entire home/apt,2021-04-11,91.88104173774593
Entire home/apt,2021-04-12,91.69316501762766
Entire home/apt,2021-04-13,91.72466734902764
Entire home/apt,2021-04-14,91.52200614124872
Entire home/apt,2021-04-15,91.73103605140453
Entire home/apt,2021-04-16,93.8428295234846
Entire home/apt,2021-04-17,93.86841805982031
Entire home/apt,2021-04-18,91.59865802342773
Entire home/apt,2021-04-19,91.66098032525873
Entire home/apt,2021-04-20,91.76845217786875
Entire home/apt,2021-04-21,91.5846696235642
Entire home/apt,2021-04-22,91.86864551347664
Entire home/apt,2021-04-23,94.17820993972478
Entire home/apt,2021-04-24,94.93176390310474
Entire home/apt,2021-04-25,92.60650517457069
Entire home/apt,2021-04-26,94.23120664164676
Entire home/apt,2021-04-27,94.635391788923
Entire home/apt,2021-04-28,94.77664050949619
Entire home/apt,2021-04-29,94.57341066757648
Entire home/apt,2021-04-30,96.16035482770386
Entire home/apt,2021-05-01,95.57352439440464
Entire home/apt,2021-05-02,92.59729330148983
Entire home/apt,2021-05-03,92.07380871147504
Entire home/apt,2021-05-04,92.01125895598771
Entire home/apt,2021-05-05,91.92914818605709
Entire home/apt,2021-05-06,92.18093938360059
Entire home/apt,2021-05-07,94.56920277493461
Entire home/apt,2021-05-08,94.58751279426816
Entire home/apt,2021-05-09,91.9980666439213
Entire home/apt,2021-05-10,92.07892641874218
Entire home/apt,2021-05-11,92.13829182304106
Entire home/apt,2021-05-12,92.57432048220176
Entire home/apt,2021-05-13,93.28522688502218
Entire home/apt,2021-05-14,95.38894575230297
Entire home/apt,2021-05-15,95.44853861025815
Entire home/apt,2021-05-16,92.3400432161947
Entire home/apt,2021-05-17,92.38405549869213
Entire home/apt,2021-05-18,92.30854088479472
Entire home/apt,2021-05-19,92.37620834754918
Entire home/apt,2021-05-20,92.32639599681565
Entire home/apt,2021-05-21,95.6638234959627
Entire home/apt,2021-05-22,96.00341180484476
Entire home/apt,2021-05-23,93.18219037871033
Entire home/apt,2021-05-24,92.77686796315251
Entire home/apt,2021-05-25,92.44660525417946
Entire home/apt,2021-05-26,92.46411918571592
Entire home/apt,2021-05-27,92.55112020925736
Entire home/apt,2021-05-28,94.90481064483112
Entire home/apt,2021-05-29,95.10553849653134
Entire home/apt,2021-05-30,92.54111224837939
Entire home/apt,2021-05-31,92.42852268850221
Entire home/apt,2021-06-01,92.46935061981121
Entire home/apt,2021-06-02,92.565904696918
Entire home/apt,2021-06-03,92.87888092801091
Entire home/apt,2021-06-04,95.4931195268964
Entire home/apt,2021-06-05,95.75514613897418
Entire home/apt,2021-06-06,92.82599795291709
Entire home/apt,2021-06-07,92.63846241328329
Entire home/apt,2021-06-08,92.53258273626749
Entire home/apt,2021-06-09,92.37689070851813
Entire home/apt,2021-06-10,92.46809962470147
Entire home/apt,2021-06-11,94.97179574661662
Entire home/apt,2021-06-12,95.04298874104401
Entire home/apt,2021-06-13,92.37654952803366
Entire home/apt,2021-06-14,92.34618446491527
Entire home/apt,2021-06-15,92.44012282497441
Entire home/apt,2021-06-16,92.48015466848629
Entire home/apt,2021-06-17,92.5931991356761
Entire home/apt,2021-06-18,95.04344364835664
Entire home/apt,2021-06-19,95.12259752075515
Entire home/apt,2021-06-20,92.46991925395201
Entire home/apt,2021-06-21,92.48242920504947
Entire home/apt,2021-06-22,92.57773228704652
Entire home/apt,2021-06-23,92.50904128283862
Entire home/apt,2021-06-24,92.6221994768566
Entire home/apt,2021-06-25,95.67030592516775
Entire home/apt,2021-06-26,95.70067098828613
Entire home/apt,2021-06-27,92.73672239281247
Entire home/apt,2021-06-28,92.36051404526327
Entire home/apt,2021-06-29,92.41703627885818
Entire home/apt,2021-06-30,92.4263618787672
Entire home/apt,2021-07-01,92.76538155350848
Entire home/apt,2021-07-02,95.39315364494485
Entire home/apt,2021-07-03,95.06266348231547
Entire home/apt,2021-07-04,91.9142499715683
Entire home/apt,2021-07-05,91.76958944615035
Entire home/apt,2021-07-06,91.84078244057773
Entire home/apt,2021-07-07,92.07904014557035
Entire home/apt,2021-07-08,92.27294438758103
Entire home/apt,2021-07-09,94.99977254634368
Entire home/apt,2021-07-10,95.0934834527465
Entire home/apt,2021-07-11,92.13112703286706
Entire home/apt,2021-07-12,91.81985670419652
Entire home/apt,2021-07-13,91.82497441146367
Entire home/apt,2021-07-14,91.84544524053224
Entire home/apt,2021-07-15,92.09723643807574
Entire home/apt,2021-07-16,94.54668486295917
Entire home/apt,2021-07-17,94.58546571136131
Entire home/apt,2021-07-18,91.88263391334016
Entire home/apt,2021-07-19,91.76435801205504
Entire home/apt,2021-07-20,91.83611964062322
Entire home/apt,2021-07-21,91.92550892755601
Entire home/apt,2021-07-22,91.96929375639714
Entire home/apt,2021-07-23,94.69907881269191
Entire home/apt,2021-07-24,94.72443989537132
Entire home/apt,2021-07-25,91.91152052769249
Entire home/apt,2021-07-26,91.72580461730922
Entire home/apt,2021-07-27,91.77971113385648
Entire home/apt,2021-07-28,91.81496645058569
Entire home/apt,2021-07-29,92.0493574434209
Entire home/apt,2021-07-30,94.5579438189469
Entire home/apt,2021-07-31,94.61230524280678
Entire home/apt,2021-08-01,91.84214716251564
Entire home/apt,2021-08-02,91.8254293187763
Entire home/apt,2021-08-03,91.90037529853292
Entire home/apt,2021-08-04,91.88809280109177
Entire home/apt,2021-08-05,92.10496986239053
Entire home/apt,2021-08-06,94.51381780962129
Entire home/apt,2021-08-07,94.62868190606164
Entire home/apt,2021-08-08,91.93494825429319
Entire home/apt,2021-08-09,91.82326850904128
Entire home/apt,2021-08-10,91.88615944501308
Entire home/apt,2021-08-11,91.85727283066075
Entire home/apt,2021-08-12,92.13442511088365
Entire home/apt,2021-08-13,94.47856249289207
Entire home/apt,2021-08-14,94.55748891163425
Entire home/apt,2021-08-15,91.8403275332651
Entire home/apt,2021-08-16,91.68429432503127
Entire home/apt,2021-08-17,91.72023200272945
Entire home/apt,2021-08-18,91.7658364608211
Entire home/apt,2021-08-19,91.96895257591265
Entire home/apt,2021-08-20,94.34686682588422
Entire home/apt,2021-08-21,94.48515864892528
Entire home/apt,2021-08-22,91.8941203229842
Entire home/apt,2021-08-23,91.76015011941317
Entire home/apt,2021-08-24,91.76128738769475
Entire home/apt,2021-08-25,91.74343227567383
Entire home/apt,2021-08-26,91.91504605936541
Entire home/apt,2021-08-27,94.3011486409644
Entire home/apt,2021-08-28,94.48311156601842
Entire home/apt,2021-08-29,91.86591606960081
Hotel room,2020-09-01,108.77058823529411
Hotel room,2020-09-02,108.84117647058824
Hotel room,2020-09-03,111.58235294117647
Hotel room,2020-09-04,123.11176470588235
Hotel room,2020-09-05,124.8529411764706
Hotel room,2020-09-06,107.23529411764706
Hotel room,2020-09-07,113.94117647058823
Hotel room,2020-09-08,115.20588235294117
Hotel room,2020-09-09,114.56470588235294
Hotel room,2020-09-10,115.07058823529412
Hotel room,2020-09-11,124.0
Hotel room,2020-09-12,126.13529411764706
Hotel room,2020-09-13,110.0764705882353
Hotel room,2020-09-14,116.3529411764706
Hotel room,2020-09-15,116.52352941176471
Hotel room,2020-09-16,116.12352941176471
Hotel room,2020-09-17,115.95882352941176
Hotel room,2020-09-18,128.97058823529412
Hotel room,2020-09-19,129.26470588235293
Hotel room,2020-09-20,111.2
Hotel room,2020-09-21,117.80588235294118
Hotel room,2020-09-22,123.74705882352941
Hotel room,2020-09-23,125.03529411764706
Hotel room,2020-09-24,124.56470588235294
Hotel room,2020-09-25,135.3294117647059
Hotel room,2020-09-26,140.16470588235293
Hotel room,2020-09-27,120.20588235294117
Hotel room,2020-09-28,123.30588235294118
Hotel room,2020-09-29,122.89411764705882
Hotel room,2020-09-30,122.58235294117647
Hotel room,2020-10-01,120.52352941176471
Hotel room,2020-10-02,133.4
Hotel room,2020-10-03,135.41176470588235
Hotel room,2020-10-04,115.98823529411764
Hotel room,2020-10-05,124.52352941176471
Hotel room,2020-10-06,124.66470588235295
Hotel room,2020-10-07,124.05882352941177
Hotel room,2020-10-08,125.08235294117647
Hotel room,2020-10-09,130.89411764705883
Hotel room,2020-10-10,133.09411764705882
Hotel room,2020-10-11,118.0
Hotel room,2020-10-12,124.62352941176471
Hotel room,2020-10-13,124.95294117647059
Hotel room,2020-10-14,123.69411764705882
Hotel room,2020-10-15,124.56470588235294
Hotel room,2020-10-16,132.7058823529412
Hotel room,2020-10-17,133.45294117647057
Hotel room,2020-10-18,117.86470588235294
Hotel room,2020-10-19,121.51176470588236
Hotel room,2020-10-20,122.45882352941176
Hotel room,2020-10-21,122.05882352941177
Hotel room,2020-10-22,124.85882352941177
Hotel room,2020-10-23,134.68823529411765
Hotel room,2020-10-24,133.78823529411764
Hotel room,2020-10-25,118.02352941176471
Hotel room,2020-10-26,123.43529411764706
Hotel room,2020-10-27,124.74117647058823
Hotel room,2020-10-28,124.80588235294118
Hotel room,2020-10-29,124.44117647058823
Hotel room,2020-10-30,133.68235294117648
Hotel room,2020-10-31,135.56470588235294
Hotel room,2020-11-01,112.36470588235294
Hotel room,2020-11-02,122.78235294117647
Hotel room,2020-11-03,123.78823529411764
Hotel room,2020-11-04,126.24117647058823
Hotel room,2020-11-05,126.74117647058823
Hotel room,2020-11-06,133.36470588235295
Hotel room,2020-11-07,134.0705882352941
Hotel room,2020-11-08,115.38235294117646
Hotel room,2020-11-09,122.0
Hotel room,2020-11-10,125.45294117647059
Hotel room,2020-11-11,127.07058823529412
Hotel room,2020-11-12,126.84705882352941
Hotel room,2020-11-13,131.90588235294118
Hotel room,2020-11-14,133.24117647058824
Hotel room,2020-11-15,115.02352941176471
Hotel room,2020-11-16,123.2764705882353
Hotel room,2020-11-17,125.31176470588235
Hotel room,2020-11-18,126.31764705882352
Hotel room,2020-11-19,126.36470588235294
Hotel room,2020-11-20,132.35294117647058
Hotel room,2020-11-21,133.4764705882353
Hotel room,2020-11-22,115.52941176470588
Hotel room,2020-11-23,121.92941176470588
Hotel room,2020-11-24,125.08823529411765
Hotel room,2020-11-25,126.94117647058823
Hotel room,2020-11-26,127.54117647058824
Hotel room,2020-11-27,136.49411764705883
Hotel room,2020-11-28,138.13529411764705
Hotel room,2020-11-29,115.8
Hotel room,2020-11-30,122.3
Hotel room,2020-12-01,125.38823529411765
Hotel room,2020-12-02,127.37058823529412
Hotel room,2020-12-03,129.8235294117647
Hotel room,2020-12-04,139.0705882352941
Hotel room,2020-12-05,139.2764705882353
Hotel room,2020-12-06,116.36470588235294
Hotel room,2020-12-07,122.18235294117648
Hotel room,2020-12-08,124.9235294117647
Hotel room,2020-12-09,124.56470588235294
Hotel room,2020-12-10,124.91176470588235
Hotel room,2020-12-11,136.0235294117647
Hotel room,2020-12-12,136.12941176470588
Hotel room,2020-12-13,114.54117647058824
Hotel room,2020-12-14,121.0
Hotel room,2020-12-15,121.81764705882352
Hotel room,2020-12-16,121.37058823529412
Hotel room,2020-12-17,121.27058823529411
Hotel room,2020-12-18,129.91176470588235
Hotel room,2020-12-19,130.41764705882352
Hotel room,2020-12-20,115.11176470588235
Hotel room,2020-12-21,118.52352941176471
Hotel room,2020-12-22,121.16470588235295
Hotel room,2020-12-23,119.22941176470589
Hotel room,2020-12-24,125.01176470588236
Hotel room,2020-12-25,128.61176470588236
Hotel room,2020-12-26,128.28235294117647
Hotel room,2020-12-27,119.82941176470588
Hotel room,2020-12-28,135.92352941176472
Hotel room,2020-12-29,146.3235294117647
Hotel room,2020-12-30,187.44117647058823
Hotel room,2020-12-31,231.6764705882353
Hotel room,2021-01-01,178.41764705882352
Hotel room,2021-01-02,165.43529411764706
Hotel room,2021-01-03,136.4470588235294
Hotel room,2021-01-04,133.84117647058824
Hotel room,2021-01-05,135.0235294117647
Hotel room,2021-01-06,134.77058823529413
Hotel room,2021-01-07,135.21176470588236
Hotel room,2021-01-08,140.91176470588235
Hotel room,2021-01-09,141.55882352941177
Hotel room,2021-01-10,130.13529411764705
Hotel room,2021-01-11,135.9
Hotel room,2021-01-12,137.46470588235294
Hotel room,2021-01-13,137.21764705882353
Hotel room,2021-01-14,138.0235294117647
Hotel room,2021-01-15,155.35294117647058
Hotel room,2021-01-16,156.1764705882353
Hotel room,2021-01-17,144.98823529411766
Hotel room,2021-01-18,152.95882352941177
Hotel room,2021-01-19,153.98823529411766
Hotel room,2021-01-20,152.88235294117646
Hotel room,2021-01-21,150.01764705882354
Hotel room,2021-01-22,155.04705882352943
Hotel room,2021-01-23,155.2
Hotel room,2021-01-24,142.64705882352942
Hotel room,2021-01-25,135.8294117647059
Hotel room,2021-01-26,136.93529411764706
Hotel room,2021-01-27,136.75294117647059
Hotel room,2021-01-28,137.0235294117647
Hotel room,2021-01-29,142.38235294117646
Hotel room,2021-01-30,142.83529411764707
Hotel room,2021-01-31,131.2
Hotel room,2021-02-01,161.42352941176472
Hotel room,2021-02-02,185.41764705882352
Hotel room,2021-02-03,198.72941176470587
Hotel room,2021-02-04,197.98823529411766
Hotel room,2021-02-05,171.7941176470588
Hotel room,2021-02-06,155.48823529411766
Hotel room,2021-02-07,142.7235294117647
Hotel room,2021-02-08,146.0235294117647
Hotel room,2021-02-09,150.55882352941177
Hotel room,2021-02-10,151.47058823529412
Hotel room,2021-02-11,154.14117647058825
Hotel room,2021-02-12,160.3
Hotel room,2021-02-13,162.98235294117646
Hotel room,2021-02-14,151.14705882352942
Hotel room,2021-02-15,155.3235294117647
Hotel room,2021-02-16,155.58235294117648
Hotel room,2021-02-17,155.51176470588234
Hotel room,2021-02-18,154.8294117647059
Hotel room,2021-02-19,159.6529411764706
Hotel room,2021-02-20,159.28823529411764
Hotel room,2021-02-21,147.61764705882354
Hotel room,2021-02-22,150.88823529411764
Hotel room,2021-02-23,155.84117647058824
Hotel room,2021-02-24,157.01764705882354
Hotel room,2021-02-25,156.02941176470588
Hotel room,2021-02-26,159.57647058823528
Hotel room,2021-02-27,158.40588235294118
Hotel room,2021-02-28,144.60588235294117
Hotel room,2021-03-01,251.1529411764706
Hotel room,2021-03-02,251.88235294117646
Hotel room,2021-03-03,251.90588235294118
Hotel room,2021-03-04,253.09411764705882
Hotel room,2021-03-05,257.8588235294118
Hotel room,2021-03-06,256.84705882352944
Hotel room,2021-03-07,249.26470588235293
Hotel room,2021-03-08,256.8176470588235
Hotel room,2021-03-09,273.59411764705885
Hotel room,2021-03-10,286.15294117647056
Hotel room,2021-03-11,285.5352941176471
Hotel room,2021-03-12,284.1058823529412
Hotel room,2021-03-13,282.6470588235294
Hotel room,2021-03-14,263.91764705882355
Hotel room,2021-03-15,251.6
Hotel room,2021-03-16,251.8235294117647
Hotel room,2021-03-17,251.75294117647059
Hotel room,2021-03-18,252.24117647058824
Hotel room,2021-03-19,257.15294117647056
Hotel room,2021-03-20,257.28823529411767
Hotel room,2021-03-21,248.6529411764706
Hotel room,2021-03-22,251.25882352941176
Hotel room,2021-03-23,252.12941176470588
Hotel room,2021-03-24,252.08823529411765
Hotel room,2021-03-25,252.4294117647059
Hotel room,2021-03-26,257.5176470588235
Hotel room,2021-03-27,257.49411764705883
Hotel room,2021-03-28,249.18235294117648
Hotel room,2021-03-29,251.01176470588234
Hotel room,2021-03-30,251.87058823529412
Hotel room,2021-03-31,252.62941176470588
Hotel room,2021-04-01,235.45294117647057
Hotel room,2021-04-02,244.88823529411764
Hotel room,2021-04-03,235.5705882352941
Hotel room,2021-04-04,231.57647058823528
Hotel room,2021-04-05,226.1235294117647
Hotel room,2021-04-06,231.85882352941175
Hotel room,2021-04-07,231.81764705882352
Hotel room,2021-04-08,232.18235294117648
Hotel room,2021-04-09,171.4
Hotel room,2021-04-10,170.45294117647057
Hotel room,2021-04-11,159.5235294117647
Hotel room,2021-04-12,234.62941176470588
Hotel room,2021-04-13,238.69411764705882
Hotel room,2021-04-14,237.59411764705882
Hotel room,2021-04-15,242.04705882352943
Hotel room,2021-04-16,249.23529411764707
Hotel room,2021-04-17,250.36470588235295
Hotel room,2021-04-18,240.52941176470588
Hotel room,2021-04-19,269.18823529411765
Hotel room,2021-04-20,270.71176470588233
Hotel room,2021-04-21,270.8058823529412
Hotel room,2021-04-22,270.3
Hotel room,2021-04-23,275.3
Hotel room,2021-04-24,276.7176470588235
Hotel room,2021-04-25,236.72941176470587
Hotel room,2021-04-26,264.81176470588235
Hotel room,2021-04-27,285.8764705882353
Hotel room,2021-04-28,293.98823529411766
Hotel room,2021-04-29,275.8941176470588
Hotel room,2021-04-30,308.1470588235294
Hotel room,2021-05-01,313.7647058823529
Hotel room,2021-05-02,296.0470588235294
Hotel room,2021-05-03,300.6411764705882
Hotel room,2021-05-04,289.67058823529413
Hotel room,2021-05-05,289.70588235294116
Hotel room,2021-05-06,289.8941176470588
Hotel room,2021-05-07,274.0352941176471
Hotel room,2021-05-08,269.8705882352941
Hotel room,2021-05-09,282.54117647058825
Hotel room,2021-05-10,283.02941176470586
Hotel room,2021-05-11,283.7352941176471
Hotel room,2021-05-12,293.72352941176473
Hotel room,2021-05-13,273.7647058823529
Hotel room,2021-05-14,278.91764705882355
Hotel room,2021-05-15,279.3058823529412
Hotel room,2021-05-16,287.3588235294118
Hotel room,2021-05-17,287.59411764705885
Hotel room,2021-05-18,246.62941176470588
Hotel room,2021-05-19,246.55882352941177
Hotel room,2021-05-20,247.96470588235294
Hotel room,2021-05-21,267.2
Hotel room,2021-05-22,280.3058823529412
Hotel room,2021-05-23,264.05882352941177
Hotel room,2021-05-24,257.15294117647056
Hotel room,2021-05-25,259.49411764705883
Hotel room,2021-05-26,259.68823529411765
Hotel room,2021-05-27,286.41764705882355
Hotel room,2021-05-28,291.5705882352941
Hotel room,2021-05-29,291.7823529411765
Hotel room,2021-05-30,283.3588235294118
Hotel room,2021-05-31,284.71176470588233
Hotel room,2021-06-01,288.1058823529412
Hotel room,2021-06-02,288.3941176470588
Hotel room,2021-06-03,288.9
Hotel room,2021-06-04,291.5529411764706
Hotel room,2021-06-05,275.8705882352941
Hotel room,2021-06-06,267.7529411764706
Hotel room,2021-06-07,273.63529411764705
Hotel room,2021-06-08,293.0529411764706
Hotel room,2021-06-09,292.11764705882354
Hotel room,2021-06-10,292.22352941176473
Hotel room,2021-06-11,268.5
Hotel room,2021-06-12,262.2823529411765
Hotel room,2021-06-13,255.30588235294118
Hotel room,2021-06-14,264.9529411764706
Hotel room,2021-06-15,267.2294117647059
Hotel room,2021-06-16,267.1470588235294
Hotel room,2021-06-17,266.5764705882353
Hotel room,2021-06-18,268.5764705882353
Hotel room,2021-06-19,262.99411764705883
Hotel room,2021-06-20,254.90588235294118
Hotel room,2021-06-21,257.98823529411766
Hotel room,2021-06-22,258.74117647058824
Hotel room,2021-06-23,258.8
Hotel room,2021-06-24,259.09411764705885
Hotel room,2021-06-25,261.59411764705885
Hotel room,2021-06-26,261.6
Hotel room,2021-06-27,256.99411764705883
Hotel room,2021-06-28,263.7823529411765
Hotel room,2021-06-29,290.8529411764706
Hotel room,2021-06-30,290.8411764705882
Hotel room,2021-07-01,289.28823529411767
Hotel room,2021-07-02,286.3176470588235
Hotel room,2021-07-03,286.3529411764706
Hotel room,2021-07-04,251.96470588235294
Hotel room,2021-07-05,259.68823529411765
Hotel room,2021-07-06,260.8058823529412
Hotel room,2021-07-07,260.66470588235296
Hotel room,2021-07-08,260.6058823529412
Hotel room,2021-07-09,261.7294117647059
Hotel room,2021-07-10,258.84705882352944
Hotel room,2021-07-11,249.88823529411764
Hotel room,2021-07-12,254.15882352941176
Hotel room,2021-07-13,255.0529411764706
Hotel room,2021-07-14,255.11764705882354
Hotel room,2021-07-15,254.7
Hotel room,2021-07-16,258.95882352941175
Hotel room,2021-07-17,260.81176470588235
Hotel room,2021-07-18,260.38235294117646
Hotel room,2021-07-19,262.34705882352944
Hotel room,2021-07-20,262.88235294117646
Hotel room,2021-07-21,260.98823529411766
Hotel room,2021-07-22,260.2
Hotel room,2021-07-23,264.7529411764706
Hotel room,2021-07-24,259.67058823529413
Hotel room,2021-07-25,252.39411764705883
Hotel room,2021-07-26,254.27058823529413
Hotel room,2021-07-27,255.04705882352943
Hotel room,2021-07-28,255.11764705882354
Hotel room,2021-07-29,255.08235294117648
Hotel room,2021-07-30,258.6411764705882
Hotel room,2021-07-31,259.11176470588236
Hotel room,2021-08-01,522.5294117647059
Hotel room,2021-08-02,524.7823529411764
Hotel room,2021-08-03,525.5294117647059
Hotel room,2021-08-04,525.6058823529412
Hotel room,2021-08-05,525.5176470588235
Hotel room,2021-08-06,528.3823529411765
Hotel room,2021-08-07,527.035294117647
Hotel room,2021-08-08,520.9705882352941
Hotel room,2021-08-09,522.5764705882353
Hotel room,2021-08-10,523.2941176470588
Hotel room,2021-08-11,523.3588235294118
Hotel room,2021-08-12,523.3
Hotel room,2021-08-13,525.6058823529412
Hotel room,2021-08-14,526.0764705882353
Hotel room,2021-08-15,520.9705882352941
Hotel room,2021-08-16,528.2647058823529
Hotel room,2021-08-17,528.9823529411765
Hotel room,2021-08-18,529.0470588235294
Hotel room,2021-08-19,528.9882352941177
Hotel room,2021-08-20,532.3058823529411
Hotel room,2021-08-21,527.5176470588235
Hotel room,2021-08-22,521.1941176470589
Hotel room,2021-08-23,559.3764705882353
Hotel room,2021-08-24,560.0941176470589
Hotel room,2021-08-25,559.564705882353
Hotel room,2021-08-26,559.535294117647
Hotel room,2021-08-27,561.3882352941176
Hotel room,2021-08-28,556.6058823529412
Hotel room,2021-08-29,546.3529411764706
Private room,2020-09-01,40.23756345177665
Private room,2020-09-02,40.238143582306016
Private room,2020-09-03,40.34082668600435
Private room,2020-09-04,41.061928934010155
Private room,2020-09-05,41.05221174764322
Private room,2020-09-06,40.401740391588106
Private room,2020-09-07,40.38564176939811
Private room,2020-09-08,40.363596809282086
Private room,2020-09-09,40.373023930384335
Private room,2020-09-10,40.410442349528644
Private room,2020-09-11,41.113560551124
Private room,2020-09-12,41.122117476432194
Private room,2020-09-13,40.52777374909355
Private room,2020-09-14,40.44510514865845
Private room,2020-09-15,40.452501812907904
Private room,2020-09-16,40.451631617113854
Private room,2020-09-17,40.47628716461204
Private room,2020-09-18,41.135895576504716
Private room,2020-09-19,41.14807831762146
Private room,2020-09-20,40.5032632342277
Private room,2020-09-21,40.52617839013778
Private room,2020-09-22,40.547498187092096
Private room,2020-09-23,40.56577229876722
Private room,2020-09-24,40.62610587382161
Private room,2020-09-25,41.37012327773749
Private room,2020-09-26,41.40681653372009
Private room,2020-09-27,40.784336475707036
Private room,2020-09-28,40.594343727338654
Private room,2020-09-29,40.58462654097172
Private room,2020-09-30,40.529514140681655
Private room,2020-10-01,40.613052936910805
Private room,2020-10-02,41.2713560551124
Private room,2020-10-03,41.2854242204496
Private room,2020-10-04,40.62886149383611
Private room,2020-10-05,40.58825235678027
Private room,2020-10-06,40.621609862218996
Private room,2020-10-07,40.6253807106599
Private room,2020-10-08,40.637853517041336
Private room,2020-10-09,41.26961566352429
Private room,2020-10-10,41.31327048585932
Private room,2020-10-11,40.68107324147933
Private room,2020-10-12,40.7437273386512
Private room,2020-10-13,40.750108774474256
Private room,2020-10-14,40.76301667875272
Private room,2020-10-15,40.71776649746193
Private room,2020-10-16,41.271791153009424
Private room,2020-10-17,41.28759970993474
Private room,2020-10-18,40.48701957940536
Private room,2020-10-19,40.474981870920956
Private room,2020-10-20,40.48005801305294
Private room,2020-10-21,40.483538796229155
Private room,2020-10-22,40.4994923857868
Private room,2020-10-23,41.14184191443075
Private room,2020-10-24,41.14778825235678
Private room,2020-10-25,40.47222625090645
Private room,2020-10-26,40.44017403915881
Private room,2020-10-27,40.44844089920232
Private room,2020-10-28,40.46453952139231
Private room,2020-10-29,40.47701232777375
Private room,2020-10-30,41.11747643219724
Private room,2020-10-31,41.12922407541697
Private room,2020-11-01,40.67643219724438
Private room,2020-11-02,40.675997099347356
Private room,2020-11-03,40.68977519941987
Private room,2020-11-04,40.69499637418419
Private room,2020-11-05,40.7070340826686
Private room,2020-11-06,41.37897026831037
Private room,2020-11-07,41.40609137055838
Private room,2020-11-08,40.64771573604061
Private room,2020-11-09,40.645105148658445
Private room,2020-11-10,40.636403190717914
Private room,2020-11-11,40.64583031182016
Private room,2020-11-12,40.67179115300943
Private room,2020-11-13,41.37824510514866
Private room,2020-11-14,41.38288614938361
Private room,2020-11-15,40.64583031182016
Private room,2020-11-16,40.63205221174764
Private room,2020-11-17,40.64583031182016
Private room,2020-11-18,40.6469905728789
Private room,2020-11-19,40.66744017403916
Private room,2020-11-20,41.379260333575054
Private room,2020-11-21,41.40710659898477
Private room,2020-11-22,40.66555474981871
Private room,2020-11-23,40.63959390862944
Private room,2020-11-24,40.699637418419144
Private room,2020-11-25,40.708049311094996
Private room,2020-11-26,40.731544597534445
Private room,2020-11-27,41.478172588832486
Private room,2020-11-28,41.47759245830312
Private room,2020-11-29,40.662073966642495
Private room,2020-11-30,40.64365482233502
Private room,2020-12-01,40.66076867295141
Private room,2020-12-02,40.65844815083394
Private room,2020-12-03,40.69891225525743
Private room,2020-12-04,41.42929659173314
Private room,2020-12-05,41.44829586656998
Private room,2020-12-06,40.65786802030457
Private room,2020-12-07,40.65699782451051
Private room,2020-12-08,40.65018129079043
Private room,2020-12-09,40.648150833937635
Private room,2020-12-10,40.7097897026831
Private room,2020-12-11,41.42175489485134
Private room,2020-12-12,41.434517766497464
Private room,2020-12-13,40.66656997824511
Private room,2020-12-14,40.67121102248006
Private room,2020-12-15,40.67454677302393
Private room,2020-12-16,40.69514140681653
Private room,2020-12-17,40.750253807106596
Private room,2020-12-18,41.51994198694706
Private room,2020-12-19,41.53560551124003
Private room,2020-12-20,40.9313995649021
Private room,2020-12-21,41.10355329949238
Private room,2020-12-22,41.108629441624366
Private room,2020-12-23,41.22218999274837
Private room,2020-12-24,41.38274111675127
Private room,2020-12-25,42.762871646120374
Private room,2020-12-26,42.92284263959391
Private room,2020-12-27,42.319216823785354
Private room,2020-12-28,41.85496736765772
Private room,2020-12-29,42.16040609137056
Private room,2020-12-30,42.679912980420596
Private room,2020-12-31,43.06091370558376
Private room,2021-01-01,42.77302393038433
Private room,2021-01-02,42.46816533720087
Private room,2021-01-03,41.26744017403916
Private room,2021-01-04,40.74503263234228
Private room,2021-01-05,40.728208846990576
Private room,2021-01-06,40.67585206671501
Private room,2021-01-07,40.68353879622915
Private room,2021-01-08,41.35228426395939
Private room,2021-01-09,41.36852791878172
Private room,2021-01-10,40.67396664249456
Private room,2021-01-11,40.66627991298042
Private room,2021-01-12,40.668455402465554
Private room,2021-01-13,40.67773749093546
Private room,2021-01-14,40.91718636693256
Private room,2021-01-15,41.70862944162437
Private room,2021-01-16,41.71283538796229
Private room,2021-01-17,41.008992023205224
Private room,2021-01-18,41.01000725163162
Private room,2021-01-19,41.01551849166062
Private room,2021-01-20,41.0037708484409
Private room,2021-01-21,41.02175489485134
Private room,2021-01-22,41.69818709209572
Private room,2021-01-23,41.718346627991295
Private room,2021-01-24,40.93183466279913
Private room,2021-01-25,40.86642494561276
Private room,2021-01-26,40.87541696881799
Private room,2021-01-27,40.88397389412618
Private room,2021-01-28,40.89325598259608
Private room,2021-01-29,41.5605511240029
Private room,2021-01-30,41.568527918781726
Private room,2021-01-31,40.87280638143582
Private room,2021-02-01,40.94082668600435
Private room,2021-02-02,41.253662073966645
Private room,2021-02-03,41.36504713560551
Private room,2021-02-04,41.36794778825236
Private room,2021-02-05,41.725163161711386
Private room,2021-02-06,41.65163161711385
Private room,2021-02-07,40.889050036258155
Private room,2021-02-08,40.88774474256708
Private room,2021-02-09,40.89224075416969
Private room,2021-02-10,40.89659173313996
Private room,2021-02-11,40.93705583756345
Private room,2021-02-12,41.62567077592458
Private room,2021-02-13,41.63248730964467
Private room,2021-02-14,40.94285714285714
Private room,2021-02-15,40.94764321972444
Private room,2021-02-16,40.950688905003624
Private room,2021-02-17,40.94909354604786
Private room,2021-02-18,40.96345177664975
Private room,2021-02-19,41.67179115300943
Private room,2021-02-20,41.68107324147933
Private room,2021-02-21,40.962291515591005
Private room,2021-02-22,40.97447425670776
Private room,2021-02-23,40.984771573604064
Private room,2021-02-24,41.004205946337926
Private room,2021-02-25,41.03045685279188
Private room,2021-02-26,41.78230601885424
Private room,2021-02-27,41.85801305293691
Private room,2021-02-28,41.15170413343002
Private room,2021-03-01,41.324728063814355
Private room,2021-03-02,41.32327773749093
Private room,2021-03-03,41.33212472806382
Private room,2021-03-04,41.35213923132705
Private room,2021-03-05,42.003480783176215
Private room,2021-03-06,42.018274111675126
Private room,2021-03-07,41.31573604060914
Private room,2021-03-08,41.42465554749819
Private room,2021-03-09,41.8319071791153
Private room,2021-03-10,41.92675852066715
Private room,2021-03-11,41.92617839013778
Private room,2021-03-12,42.33589557650471
Private room,2021-03-13,42.306598984771576
Private room,2021-03-14,41.51124002900653
Private room,2021-03-15,41.35228426395939
Private room,2021-03-16,41.356780275562
Private room,2021-03-17,41.358810732414796
Private room,2021-03-18,41.3615663524293
Private room,2021-03-19,42.022189992748366
Private room,2021-03-20,42.030021754894854
Private room,2021-03-21,41.351269035532994
Private room,2021-03-22,41.35692530819434
Private room,2021-03-23,41.35605511240029
Private room,2021-03-24,41.369253081943434
Private room,2021-03-25,41.379840464104426
Private room,2021-03-26,42.04365482233503
Private room,2021-03-27,42.045685279187815
Private room,2021-03-28,41.36417693981146
Private room,2021-03-29,41.3680928208847
Private room,2021-03-30,41.37200870195794
Private room,2021-03-31,41.36751269035533
Private room,2021-04-01,41.422770123277736
Private room,2021-04-02,42.56301667875272
Private room,2021-04-03,42.57781000725163
Private room,2021-04-04,41.89383611312545
Private room,2021-04-05,41.45047135605511
Private room,2021-04-06,41.4140681653372
Private room,2021-04-07,41.41261783901378
Private room,2021-04-08,41.399419869470634
Private room,2021-04-09,42.11370558375634
Private room,2021-04-10,42.14952864394489
Private room,2021-04-11,41.39753444525018
Private room,2021-04-12,41.38810732414793
Private room,2021-04-13,41.406526468455404
Private room,2021-04-14,41.40942712110225
Private room,2021-04-15,41.4226250906454
Private room,2021-04-16,42.08121827411168
Private room,2021-04-17,42.08150833937636
Private room,2021-04-18,41.3718636693256
Private room,2021-04-19,41.41914430746918
Private room,2021-04-20,41.4253807106599
Private room,2021-04-21,41.445540246555474
Private room,2021-04-22,41.46773023930384
Private room,2021-04-23,42.093836113125455
Private room,2021-04-24,42.108774474256705
Private room,2021-04-25,41.489050036258156
Private room,2021-04-26,41.83408266860044
Private room,2021-04-27,42.01624365482233
Private room,2021-04-28,42.03132704858593
Private room,2021-04-29,42.025380710659896
Private room,2021-04-30,42.45902828136331
Private room,2021-05-01,42.37476432197244
Private room,2021-05-02,41.57984046410442
Private room,2021-05-03,41.91718636693256
Private room,2021-05-04,41.93473531544598
Private room,2021-05-05,41.930964467005076
Private room,2021-05-06,41.99115300942712
Private room,2021-05-07,42.61711385061639
Private room,2021-05-08,42.61972443799855
Private room,2021-05-09,41.906163886874545
Private room,2021-05-10,41.92748368382886
Private room,2021-05-11,41.940246555474985
Private room,2021-05-12,41.96968817984047
Private room,2021-05-13,42.052646845540245
Private room,2021-05-14,42.71863669325598
Private room,2021-05-15,42.72936910804931
Private room,2021-05-16,41.97026831036983
Private room,2021-05-17,41.961276287164615
Private room,2021-05-18,41.93691080493111
Private room,2021-05-19,41.940246555474985
Private room,2021-05-20,41.96794778825236
Private room,2021-05-21,42.73038433647571
Private room,2021-05-22,42.773459028281366
Private room,2021-05-23,41.98056562726614
Private room,2021-05-24,41.94474256707759
Private room,2021-05-25,41.9670775924583
Private room,2021-05-26,41.975489485134155
Private room,2021-05-27,42.010587382160985
Private room,2021-05-28,42.69470630891951
Private room,2021-05-29,42.715155910079766
Private room,2021-05-30,41.97519941986947
Private room,2021-05-31,41.99129804205946
Private room,2021-06-01,41.958230601885425
Private room,2021-06-02,41.96504713560551
Private room,2021-06-03,42.01276287164612
Private room,2021-06-04,42.71617113850616
Private room,2021-06-05,42.802320522117476
Private room,2021-06-06,42.05598259608412
Private room,2021-06-07,42.06526468455402
Private room,2021-06-08,41.97766497461929
Private room,2021-06-09,41.98288614938361
Private room,2021-06-10,41.9962291515591
Private room,2021-06-11,42.67179115300943
Private room,2021-06-12,42.665989847715736
Private room,2021-06-13,41.93865119651922
Private room,2021-06-14,41.975634517766494
Private room,2021-06-15,42.10891950688905
Private room,2021-06-16,42.09238578680203
Private room,2021-06-17,42.09760696156635
Private room,2021-06-18,42.788252356780276
Private room,2021-06-19,42.807831762146485
Private room,2021-06-20,41.9125453226976
Private room,2021-06-21,41.95039883973894
Private room,2021-06-22,41.969978245105146
Private room,2021-06-23,41.972443799854965
Private room,2021-06-24,41.984046410442346
Private room,2021-06-25,42.630746918056566
Private room,2021-06-26,42.61203770848441
Private room,2021-06-27,41.89789702683104
Private room,2021-06-28,41.9125453226976
Private room,2021-06-29,41.91414068165337
Private room,2021-06-30,41.920812182741116
Private room,2021-07-01,41.90964467005076
Private room,2021-07-02,42.588687454677306
Private room,2021-07-03,42.58303118201595
Private room,2021-07-04,41.87686729514141
Private room,2021-07-05,41.88049311094996
Private room,2021-07-06,41.89789702683104
Private room,2021-07-07,41.89224075416969
Private room,2021-07-08,41.89369108049311
Private room,2021-07-09,42.58013052936911
Private room,2021-07-10,42.58912255257433
Private room,2021-07-11,41.860188542422044
Private room,2021-07-12,41.85801305293691
Private room,2021-07-13,41.859318346627994
Private room,2021-07-14,41.86265409717186
Private room,2021-07-15,41.88136330674402
Private room,2021-07-16,42.57389412617839
Private room,2021-07-17,42.58332124728064
Private room,2021-07-18,41.89963741841915
Private room,2021-07-19,41.88672951414068
Private room,2021-07-20,41.895141406816535
Private room,2021-07-21,41.89456127628716
Private room,2021-07-22,41.89934735315446
Private room,2021-07-23,42.56983321247281
Private room,2021-07-24,42.57519941986947
Private room,2021-07-25,41.86874546773024
Private room,2021-07-26,41.86889050036258
Private room,2021-07-27,41.871791153009426
Private room,2021-07-28,41.87933284989123
Private room,2021-07-29,41.89369108049311
Private room,2021-07-30,42.58796229151559
Private room,2021-07-31,42.593473531544596
Private room,2021-08-01,42.28281363306744
Private room,2021-08-02,42.308049311095
Private room,2021-08-03,42.31414068165337
Private room,2021-08-04,42.30775924583031
Private room,2021-08-05,42.31849166062364
Private room,2021-08-06,42.997099347353156
Private room,2021-08-07,43.00159535895577
Private room,2021-08-08,42.27918781725889
Private room,2021-08-09,42.277882523567804
Private room,2021-08-10,42.28861493836113
Private room,2021-08-11,42.28063814358231
Private room,2021-08-12,42.29151559100798
Private room,2021-08-13,42.97824510514866
Private room,2021-08-14,42.982306018854246
Private room,2021-08-15,42.27904278462654
Private room,2021-08-16,42.278607686729515
Private room,2021-08-17,42.27918781725889
Private room,2021-08-18,42.28078317621465
Private room,2021-08-19,42.29122552574329
Private room,2021-08-20,42.98375634517767
Private room,2021-08-21,42.98781725888325
Private room,2021-08-22,42.278752719361854
Private room,2021-08-23,42.28078317621465
Private room,2021-08-24,42.28788977519942
Private room,2021-08-25,42.28861493836113
Private room,2021-08-26,42.216098622189996
Private room,2021-08-27,42.979405366207395
Private room,2021-08-28,42.98506163886874
Private room,2021-08-29,42.28614938361131
Shared room,2020-09-01,28.544554455445546
Shared room,2020-09-02,28.599009900990097
Shared room,2020-09-03,28.89108910891089
Shared room,2020-09-04,30.103960396039604
Shared room,2020-09-05,29.93069306930693
Shared room,2020-09-06,28.668316831683168
Shared room,2020-09-07,28.594059405940595
Shared room,2020-09-08,28.599009900990097
Shared room,2020-09-09,28.544554455445546
Shared room,2020-09-10,29.331683168316832
Shared room,2020-09-11,30.628712871287128
Shared room,2020-09-12,30.321782178217823
Shared room,2020-09-13,29.257425742574256
Shared room,2020-09-14,35.51980198019802
Shared room,2020-09-15,35.60891089108911
Shared room,2020-09-16,36.31683168316832
Shared room,2020-09-17,36.37128712871287
Shared room,2020-09-18,37.618811881188115
Shared room,2020-09-19,37.78712871287129
Shared room,2020-09-20,36.48514851485149
Shared room,2020-09-21,36.75247524752475
Shared room,2020-09-22,36.73267326732673
Shared room,2020-09-23,36.742574257425744
Shared room,2020-09-24,36.757425742574256
Shared room,2020-09-25,37.45544554455446
Shared room,2020-09-26,37.351485148514854
Shared room,2020-09-27,36.84158415841584
Shared room,2020-09-28,36.504950495049506
Shared room,2020-09-29,36.698019801980195
Shared room,2020-09-30,36.698019801980195
Shared room,2020-10-01,36.60891089108911
Shared room,2020-10-02,37.51980198019802
Shared room,2020-10-03,37.54455445544554
Shared room,2020-10-04,36.83168316831683
Shared room,2020-10-05,36.62871287128713
Shared room,2020-10-06,36.648514851485146
Shared room,2020-10-07,36.65841584158416
Shared room,2020-10-08,36.663366336633665
Shared room,2020-10-09,37.4009900990099
Shared room,2020-10-10,37.396039603960396
Shared room,2020-10-11,36.881188118811885
Shared room,2020-10-12,36.81188118811881
Shared room,2020-10-13,36.772277227722775
Shared room,2020-10-14,36.89108910891089
Shared room,2020-10-15,36.772277227722775
Shared room,2020-10-16,37.51485148514851
Shared room,2020-10-17,37.698019801980195
Shared room,2020-10-18,36.98514851485149
Shared room,2020-10-19,36.866336633663366
Shared room,2020-10-20,36.82673267326733
Shared room,2020-10-21,36.82673267326733
Shared room,2020-10-22,36.975247524752476
Shared room,2020-10-23,38.54950495049505
Shared room,2020-10-24,38.613861386138616
Shared room,2020-10-25,37.60891089108911
Shared room,2020-10-26,37.35643564356435
Shared room,2020-10-27,37.37128712871287
Shared room,2020-10-28,37.381188118811885
Shared room,2020-10-29,37.4009900990099
Shared room,2020-10-30,38.118811881188115
Shared room,2020-10-31,38.20792079207921
Shared room,2020-11-01,41.0990099009901
Shared room,2020-11-02,40.024752475247524
Shared room,2020-11-03,40.66831683168317
Shared room,2020-11-04,40.56930693069307
Shared room,2020-11-05,40.663366336633665
Shared room,2020-11-06,40.386138613861384
Shared room,2020-11-07,45.05940594059406
Shared room,2020-11-08,43.866336633663366
Shared room,2020-11-09,43.960396039603964
Shared room,2020-11-10,43.96534653465346
Shared room,2020-11-11,43.95544554455446
Shared room,2020-11-12,43.96534653465346
Shared room,2020-11-13,44.896039603960396
Shared room,2020-11-14,44.91089108910891
Shared room,2020-11-15,43.87128712871287
Shared room,2020-11-16,42.83168316831683
Shared room,2020-11-17,42.836633663366335
Shared room,2020-11-18,42.836633663366335
Shared room,2020-11-19,41.00990099009901
Shared room,2020-11-20,44.89108910891089
Shared room,2020-11-21,45.0
Shared room,2020-11-22,43.881188118811885
Shared room,2020-11-23,40.945544554455445
Shared room,2020-11-24,40.95049504950495
Shared room,2020-11-25,40.945544554455445
Shared room,2020-11-26,40.95544554455446
Shared room,2020-11-27,42.133663366336634
Shared room,2020-11-28,42.12376237623762
Shared room,2020-11-29,40.92574257425743
Shared room,2020-11-30,43.95544554455446
Shared room,2020-12-01,45.81188118811881
Shared room,2020-12-02,46.44059405940594
Shared room,2020-12-03,43.48019801980198
Shared room,2020-12-04,43.133663366336634
Shared room,2020-12-05,43.118811881188115
Shared room,2020-12-06,43.539603960396036
Shared room,2020-12-07,43.460396039603964
Shared room,2020-12-08,46.45544554455446
Shared room,2020-12-09,46.460396039603964
Shared room,2020-12-10,46.46534653465346
Shared room,2020-12-11,43.06435643564357
Shared room,2020-12-12,43.07425742574257
Shared room,2020-12-13,46.51485148514851
Shared room,2020-12-14,46.45049504950495
Shared room,2020-12-15,42.93069306930693
Shared room,2020-12-16,42.93069306930693
Shared room,2020-12-17,42.02970297029703
Shared room,2020-12-18,47.84158415841584
Shared room,2020-12-19,47.86138613861386
Shared room,2020-12-20,46.81683168316832
Shared room,2020-12-21,46.70792079207921
Shared room,2020-12-22,46.71287128712871
Shared room,2020-12-23,46.73762376237624
Shared room,2020-12-24,46.777227722772274
Shared room,2020-12-25,47.742574257425744
Shared room,2020-12-26,47.89108910891089
Shared room,2020-12-27,46.67326732673267
Shared room,2020-12-28,48.633663366336634
Shared room,2020-12-29,49.60891089108911
Shared room,2020-12-30,49.67821782178218
Shared room,2020-12-31,49.78712871287129
Shared room,2021-01-01,49.73762376237624
Shared room,2021-01-02,49.163366336633665
Shared room,2021-01-03,48.52970297029703
Shared room,2021-01-04,46.663366336633665
Shared room,2021-01-05,46.663366336633665
Shared room,2021-01-06,46.663366336633665
Shared room,2021-01-07,46.66831683168317
Shared room,2021-01-08,47.73762376237624
Shared room,2021-01-09,47.68316831683168
Shared room,2021-01-10,46.693069306930695
Shared room,2021-01-11,46.67821782178218
Shared room,2021-01-12,46.67821782178218
Shared room,2021-01-13,46.67821782178218
Shared room,2021-01-14,46.98019801980198
Shared room,2021-01-15,48.03465346534654
Shared room,2021-01-16,48.06435643564357
Shared room,2021-01-17,47.0
Shared room,2021-01-18,47.0
Shared room,2021-01-19,47.004950495049506
Shared room,2021-01-20,47.07920792079208
Shared room,2021-01-21,47.06435643564357
Shared room,2021-01-22,48.15346534653465
Shared room,2021-01-23,44.7970297029703
Shared room,2021-01-24,42.56435643564357
Shared room,2021-01-25,47.004950495049506
Shared room,2021-01-26,47.0
Shared room,2021-01-27,47.00990099009901
Shared room,2021-01-28,47.01485148514851
Shared room,2021-01-29,48.06435643564357
Shared room,2021-01-30,48.07920792079208
Shared room,2021-01-31,47.039603960396036
Shared room,2021-02-01,47.03465346534654
Shared room,2021-02-02,47.04455445544554
Shared room,2021-02-03,47.04455445544554
Shared room,2021-02-04,47.04455445544554
Shared room,2021-02-05,47.98514851485149
Shared room,2021-02-06,47.99009900990099
Shared room,2021-02-07,46.95049504950495
Shared room,2021-02-08,42.663366336633665
Shared room,2021-02-09,42.663366336633665
Shared room,2021-02-10,42.81683168316832
Shared room,2021-02-11,42.76732673267327
Shared room,2021-02-12,48.148514851485146
Shared room,2021-02-13,48.148514851485146
Shared room,2021-02-14,47.07920792079208
Shared room,2021-02-15,44.85643564356435
Shared room,2021-02-16,44.85643564356435
Shared room,2021-02-17,44.618811881188115
Shared room,2021-02-18,42.757425742574256
Shared room,2021-02-19,44.851485148514854
Shared room,2021-02-20,44.886138613861384
Shared room,2021-02-21,42.81683168316832
Shared room,2021-02-22,47.222772277227726
Shared room,2021-02-23,47.23762376237624
Shared room,2021-02-24,47.23762376237624
Shared room,2021-02-25,47.28217821782178
Shared room,2021-02-26,48.35643564356435
Shared room,2021-02-27,48.41089108910891
Shared room,2021-02-28,47.396039603960396
Shared room,2021-03-01,46.55940594059406
Shared room,2021-03-02,46.55940594059406
Shared room,2021-03-03,46.55940594059406
Shared room,2021-03-04,44.242574257425744
Shared room,2021-03-05,49.18811881188119
Shared room,2021-03-06,49.163366336633665
Shared room,2021-03-07,48.242574257425744
Shared room,2021-03-08,48.16831683168317
Shared room,2021-03-09,48.06930693069307
Shared room,2021-03-10,48.06930693069307
Shared room,2021-03-11,48.07425742574257
Shared room,2021-03-12,45.28712871287129
Shared room,2021-03-13,49.32178217821782
Shared room,2021-03-14,46.31683168316832
Shared room,2021-03-15,46.31683168316832
Shared room,2021-03-16,46.31683168316832
Shared room,2021-03-17,46.31683168316832
Shared room,2021-03-18,44.351485148514854
Shared room,2021-03-19,49.21782178217822
Shared room,2021-03-20,49.222772277227726
Shared room,2021-03-21,47.118811881188115
Shared room,2021-03-22,46.20792079207921
Shared room,2021-03-23,46.20792079207921
Shared room,2021-03-24,46.20792079207921
Shared room,2021-03-25,46.21287128712871
Shared room,2021-03-26,45.26732673267327
Shared room,2021-03-27,49.31683168316832
Shared room,2021-03-28,48.44059405940594
Shared room,2021-03-29,48.44059405940594
Shared room,2021-03-30,48.44059405940594
Shared room,2021-03-31,48.44059405940594
Shared room,2021-04-01,48.79207920792079
Shared room,2021-04-02,49.777227722772274
Shared room,2021-04-03,49.78217821782178
Shared room,2021-04-04,48.78712871287129
Shared room,2021-04-05,48.53465346534654
Shared room,2021-04-06,48.49009900990099
Shared room,2021-04-07,48.49009900990099
Shared room,2021-04-08,48.504950495049506
Shared room,2021-04-09,49.49009900990099
Shared room,2021-04-10,49.495049504950494
Shared room,2021-04-11,47.98514851485149
Shared room,2021-04-12,47.63861386138614
Shared room,2021-04-13,47.63861386138614
Shared room,2021-04-14,47.63861386138614
Shared room,2021-04-15,44.62871287128713
Shared room,2021-04-16,45.222772277227726
Shared room,2021-04-17,49.257425742574256
Shared room,2021-04-18,47.98514851485149
Shared room,2021-04-19,47.98514851485149
Shared room,2021-04-20,47.98514851485149
Shared room,2021-04-21,48.613861386138616
Shared room,2021-04-22,48.5990099009901
Shared room,2021-04-23,49.51980198019802
Shared room,2021-04-24,49.62376237623762
Shared room,2021-04-25,48.53465346534654
Shared room,2021-04-26,47.98514851485149
Shared room,2021-04-27,47.98514851485149
Shared room,2021-04-28,47.98514851485149
Shared room,2021-04-29,48.272277227722775
Shared room,2021-04-30,49.48514851485149
Shared room,2021-05-01,49.5
Shared room,2021-05-02,45.90594059405941
Shared room,2021-05-03,45.71782178217822
Shared room,2021-05-04,45.71782178217822
Shared room,2021-05-05,44.04455445544554
Shared room,2021-05-06,44.113861386138616
Shared room,2021-05-07,45.386138613861384
Shared room,2021-05-08,45.39108910891089
Shared room,2021-05-09,44.04455445544554
Shared room,2021-05-10,48.18316831683168
Shared room,2021-05-11,48.18316831683168
Shared room,2021-05-12,48.18316831683168
Shared room,2021-05-13,49.02970297029703
Shared room,2021-05-14,50.742574257425744
Shared room,2021-05-15,50.74752475247525
Shared room,2021-05-16,49.06930693069307
Shared room,2021-05-17,48.103960396039604
Shared room,2021-05-18,47.554455445544555
Shared room,2021-05-19,47.554455445544555
Shared room,2021-05-20,48.10891089108911
Shared room,2021-05-21,46.4009900990099
Shared room,2021-05-22,50.44059405940594
Shared room,2021-05-23,48.93069306930693
Shared room,2021-05-24,48.7970297029703
Shared room,2021-05-25,48.7970297029703
Shared room,2021-05-26,48.7970297029703
Shared room,2021-05-27,49.227722772277225
Shared room,2021-05-28,50.08910891089109
Shared room,2021-05-29,50.09405940594059
Shared room,2021-05-30,48.67326732673267
Shared room,2021-05-31,48.67821782178218
Shared room,2021-06-01,48.40594059405941
Shared room,2021-06-02,48.40594059405941
Shared room,2021-06-03,48.86138613861386
Shared room,2021-06-04,49.94059405940594
Shared room,2021-06-05,50.13861386138614
Shared room,2021-06-06,48.975247524752476
Shared room,2021-06-07,47.163366336633665
Shared room,2021-06-08,47.03465346534654
Shared room,2021-06-09,47.01485148514851
Shared room,2021-06-10,47.01980198019802
Shared room,2021-06-11,45.64356435643565
Shared room,2021-06-12,49.67821782178218
Shared room,2021-06-13,48.40594059405941
Shared room,2021-06-14,48.37623762376238
Shared room,2021-06-15,48.34653465346535
Shared room,2021-06-16,47.7970297029703
Shared room,2021-06-17,47.806930693069305
Shared room,2021-06-18,45.64356435643565
Shared room,2021-06-19,49.67821782178218
Shared room,2021-06-20,48.54455445544554
Shared room,2021-06-21,46.56435643564357
Shared room,2021-06-22,46.56435643564357
Shared room,2021-06-23,46.56435643564357
Shared room,2021-06-24,47.13861386138614
Shared room,2021-06-25,45.91089108910891
Shared room,2021-06-26,49.67821782178218
Shared room,2021-06-27,48.54455445544554
Shared room,2021-06-28,46.975247524752476
Shared room,2021-06-29,46.975247524752476
Shared room,2021-06-30,46.975247524752476
Shared room,2021-07-01,46.95544554455446
Shared room,2021-07-02,45.618811881188115
Shared room,2021-07-03,49.65346534653465
Shared room,2021-07-04,48.51980198019802
Shared room,2021-07-05,48.51980198019802
Shared room,2021-07-06,48.603960396039604
Shared room,2021-07-07,48.51980198019802
Shared room,2021-07-08,48.524752475247524
Shared room,2021-07-09,49.648514851485146
Shared room,2021-07-10,49.65346534653465
Shared room,2021-07-11,48.51980198019802
Shared room,2021-07-12,48.51980198019802
Shared room,2021-07-13,48.51980198019802
Shared room,2021-07-14,48.51980198019802
Shared room,2021-07-15,48.524752475247524
Shared room,2021-07-16,49.99009900990099
Shared room,2021-07-17,49.995049504950494
Shared room,2021-07-18,49.06930693069307
Shared room,2021-07-19,49.06930693069307
Shared room,2021-07-20,49.15346534653465
Shared room,2021-07-21,49.06930693069307
Shared room,2021-07-22,49.07425742574257
Shared room,2021-07-23,49.648514851485146
Shared room,2021-07-24,49.65346534653465
Shared room,2021-07-25,48.51980198019802
Shared room,2021-07-26,48.524752475247524
Shared room,2021-07-27,48.524752475247524
Shared room,2021-07-28,48.524752475247524
Shared room,2021-07-29,48.52970297029703
Shared room,2021-07-30,49.65346534653465
Shared room,2021-07-31,49.65841584158416
Shared room,2021-08-01,48.55940594059406
Shared room,2021-08-02,48.62376237623762
Shared room,2021-08-03,48.62376237623762
Shared room,2021-08-04,48.62376237623762
Shared room,2021-08-05,48.633663366336634
Shared room,2021-08-06,49.757425742574256
Shared room,2021-08-07,49.76237623762376
Shared room,2021-08-08,48.227722772277225
Shared room,2021-08-09,48.227722772277225
Shared room,2021-08-10,48.31683168316832
Shared room,2021-08-11,48.227722772277225
Shared room,2021-08-12,48.23762376237624
Shared room,2021-08-13,49.56435643564357
Shared room,2021-08-14,49.56930693069307
Shared room,2021-08-15,48.227722772277225
Shared room,2021-08-16,48.227722772277225
Shared room,2021-08-17,48.227722772277225
Shared room,2021-08-18,48.227722772277225
Shared room,2021-08-19,48.23762376237624
Shared room,2021-08-20,49.56435643564357
Shared room,2021-08-21,49.56930693069307
Shared room,2021-08-22,48.227722772277225
Shared room,2021-08-23,48.227722772277225
Shared room,2021-08-24,48.227722772277225
Shared room,2021-08-25,48.227722772277225
Shared room,2021-08-26,48.23762376237624
Shared room,2021-08-27,49.495049504950494
Shared room,2021-08-28,49.5
Shared room,2021-08-29,48.227722772277225
