beds,date,price
0.0,2020-09-01,62.342592592592595
0.0,2020-09-02,62.39259259259259
0.0,2020-09-03,63.04814814814815
0.0,2020-09-04,64.49814814814815
0.0,2020-09-05,64.45925925925926
0.0,2020-09-06,62.78888888888889
0.0,2020-09-07,62.69074074074074
0.0,2020-09-08,62.45925925925926
0.0,2020-09-09,62.55
0.0,2020-09-10,63.08148148148148
0.0,2020-09-11,64.81481481481481
0.0,2020-09-12,64.61666666666666
0.0,2020-09-13,63.09814814814815
0.0,2020-09-14,65.49259259259259
0.0,2020-09-15,65.61666666666666
0.0,2020-09-16,65.92407407407407
0.0,2020-09-17,65.93703703703704
0.0,2020-09-18,67.4962962962963
0.0,2020-09-19,67.60555555555555
0.0,2020-09-20,66.3037037037037
0.0,2020-09-21,66.22777777777777
0.0,2020-09-22,66.25185185185185
0.0,2020-09-23,66.30185185185185
0.0,2020-09-24,66.50555555555556
0.0,2020-09-25,67.83148148148148
0.0,2020-09-26,67.97962962962963
0.0,2020-09-27,66.82037037037037
0.0,2020-09-28,66.66666666666667
0.0,2020-09-29,66.62407407407407
0.0,2020-09-30,66.60740740740741
0.0,2020-10-01,67.0
0.0,2020-10-02,68.3037037037037
0.0,2020-10-03,68.3425925925926
0.0,2020-10-04,66.97407407407407
0.0,2020-10-05,66.95185185185186
0.0,2020-10-06,67.05185185185185
0.0,2020-10-07,67.03703703703704
0.0,2020-10-08,67.00555555555556
0.0,2020-10-09,68.07777777777778
0.0,2020-10-10,68.29814814814814
0.0,2020-10-11,67.00925925925925
0.0,2020-10-12,67.64074074074074
0.0,2020-10-13,67.64259259259259
0.0,2020-10-14,67.67592592592592
0.0,2020-10-15,67.17962962962963
0.0,2020-10-16,68.34814814814816
0.0,2020-10-17,68.21481481481482
0.0,2020-10-18,66.84444444444445
0.0,2020-10-19,66.92222222222222
0.0,2020-10-20,67.0
0.0,2020-10-21,67.00925925925925
0.0,2020-10-22,67.06111111111112
0.0,2020-10-23,68.78333333333333
0.0,2020-10-24,68.89074074074074
0.0,2020-10-25,67.43703703703704
0.0,2020-10-26,67.27037037037037
0.0,2020-10-27,67.29074074074074
0.0,2020-10-28,67.28518518518518
0.0,2020-10-29,67.30740740740741
0.0,2020-10-30,68.24814814814815
0.0,2020-10-31,68.31851851851852
0.0,2020-11-01,68.6037037037037
0.0,2020-11-02,67.62037037037037
0.0,2020-11-03,68.02222222222223
0.0,2020-11-04,67.98148148148148
0.0,2020-11-05,68.0037037037037
0.0,2020-11-06,68.38333333333334
0.0,2020-11-07,69.94074074074074
0.0,2020-11-08,68.76666666666667
0.0,2020-11-09,68.92962962962963
0.0,2020-11-10,68.94074074074074
0.0,2020-11-11,68.95555555555555
0.0,2020-11-12,68.98148148148148
0.0,2020-11-13,69.94444444444444
0.0,2020-11-14,69.97777777777777
0.0,2020-11-15,68.75740740740741
0.0,2020-11-16,68.6574074074074
0.0,2020-11-17,68.65
0.0,2020-11-18,68.66481481481482
0.0,2020-11-19,68.00740740740741
0.0,2020-11-20,70.02222222222223
0.0,2020-11-21,70.07037037037037
0.0,2020-11-22,68.85555555555555
0.0,2020-11-23,67.94074074074074
0.0,2020-11-24,68.46666666666667
0.0,2020-11-25,68.6962962962963
0.0,2020-11-26,68.76666666666667
0.0,2020-11-27,69.84444444444445
0.0,2020-11-28,69.82592592592593
0.0,2020-11-29,67.76296296296296
0.0,2020-11-30,69.06481481481481
0.0,2020-12-01,69.62037037037037
0.0,2020-12-02,69.85555555555555
0.0,2020-12-03,69.4037037037037
0.0,2020-12-04,69.82222222222222
0.0,2020-12-05,69.9074074074074
0.0,2020-12-06,68.98333333333333
0.0,2020-12-07,68.92592592592592
0.0,2020-12-08,69.84074074074074
0.0,2020-12-09,69.85555555555555
0.0,2020-12-10,70.36851851851851
0.0,2020-12-11,69.77037037037037
0.0,2020-12-12,69.77962962962962
0.0,2020-12-13,69.90555555555555
0.0,2020-12-14,69.91851851851852
0.0,2020-12-15,68.8037037037037
0.0,2020-12-16,68.79629629629629
0.0,2020-12-17,69.0037037037037
0.0,2020-12-18,71.87407407407407
0.0,2020-12-19,71.96666666666667
0.0,2020-12-20,71.4574074074074
0.0,2020-12-21,71.89259259259259
0.0,2020-12-22,72.21111111111111
0.0,2020-12-23,72.33888888888889
0.0,2020-12-24,72.56851851851852
0.0,2020-12-25,73.66666666666667
0.0,2020-12-26,74.07592592592593
0.0,2020-12-27,74.46296296296296
0.0,2020-12-28,73.76481481481481
0.0,2020-12-29,74.4037037037037
0.0,2020-12-30,76.1037037037037
0.0,2020-12-31,77.10740740740741
0.0,2021-01-01,75.35
0.0,2021-01-02,73.87962962962963
0.0,2021-01-03,72.15555555555555
0.0,2021-01-04,70.45555555555555
0.0,2021-01-05,70.19444444444444
0.0,2021-01-06,70.07407407407408
0.0,2021-01-07,70.09814814814816
0.0,2021-01-08,71.03888888888889
0.0,2021-01-09,71.03888888888889
0.0,2021-01-10,70.05185185185185
0.0,2021-01-11,70.1462962962963
0.0,2021-01-12,70.17777777777778
0.0,2021-01-13,70.18148148148148
0.0,2021-01-14,70.61481481481482
0.0,2021-01-15,72.44814814814815
0.0,2021-01-16,72.45555555555555
0.0,2021-01-17,71.44444444444444
0.0,2021-01-18,71.49259259259259
0.0,2021-01-19,71.4962962962963
0.0,2021-01-20,71.5
0.0,2021-01-21,71.49814814814815
0.0,2021-01-22,72.46851851851852
0.0,2021-01-23,71.47037037037038
0.0,2021-01-24,69.28148148148148
0.0,2021-01-25,70.54814814814814
0.0,2021-01-26,70.55555555555556
0.0,2021-01-27,70.55925925925926
0.0,2021-01-28,70.46481481481482
0.0,2021-01-29,71.43148148148148
0.0,2021-01-30,71.42962962962963
0.0,2021-01-31,70.39444444444445
0.0,2021-02-01,70.43888888888888
0.0,2021-02-02,71.6
0.0,2021-02-03,71.75740740740741
0.0,2021-02-04,71.87222222222222
0.0,2021-02-05,72.07407407407408
0.0,2021-02-06,72.05
0.0,2021-02-07,70.5425925925926
0.0,2021-02-08,68.92407407407407
0.0,2021-02-09,68.75185185185185
0.0,2021-02-10,69.35185185185185
0.0,2021-02-11,69.39074074074074
0.0,2021-02-12,72.12777777777778
0.0,2021-02-13,72.12962962962963
0.0,2021-02-14,70.99814814814815
0.0,2021-02-15,70.28148148148148
0.0,2021-02-16,70.28518518518518
0.0,2021-02-17,70.16666666666667
0.0,2021-02-18,69.41851851851852
0.0,2021-02-19,71.19444444444444
0.0,2021-02-20,71.19814814814815
0.0,2021-02-21,69.35
0.0,2021-02-22,70.39444444444445
0.0,2021-02-23,70.38518518518518
0.0,2021-02-24,70.44259259259259
0.0,2021-02-25,70.47962962962963
0.0,2021-02-26,71.62222222222222
0.0,2021-02-27,71.6537037037037
0.0,2021-02-28,70.52037037037037
0.0,2021-03-01,70.10740740740741
0.0,2021-03-02,70.10740740740741
0.0,2021-03-03,70.12037037037037
0.0,2021-03-04,69.22037037037038
0.0,2021-03-05,71.57222222222222
0.0,2021-03-06,71.57962962962964
0.0,2021-03-07,70.45555555555555
0.0,2021-03-08,70.4574074074074
0.0,2021-03-09,71.35185185185185
0.0,2021-03-10,71.8462962962963
0.0,2021-03-11,71.87592592592593
0.0,2021-03-12,71.67962962962963
0.0,2021-03-13,72.97037037037038
0.0,2021-03-14,70.9074074074074
0.0,2021-03-15,69.99074074074075
0.0,2021-03-16,70.01481481481481
0.0,2021-03-17,70.02037037037037
0.0,2021-03-18,69.22222222222223
0.0,2021-03-19,71.56851851851852
0.0,2021-03-20,71.57777777777778
0.0,2021-03-21,70.04629629629629
0.0,2021-03-22,69.97777777777777
0.0,2021-03-23,69.97777777777777
0.0,2021-03-24,69.98333333333333
0.0,2021-03-25,69.99074074074075
0.0,2021-03-26,70.46296296296296
0.0,2021-03-27,71.77962962962962
0.0,2021-03-28,70.66851851851852
0.0,2021-03-29,70.6962962962963
0.0,2021-03-30,70.6962962962963
0.0,2021-03-31,70.69444444444444
0.0,2021-04-01,71.01851851851852
0.0,2021-04-02,72.53888888888889
0.0,2021-04-03,72.55185185185185
0.0,2021-04-04,71.45185185185186
0.0,2021-04-05,71.41111111111111
0.0,2021-04-06,70.71851851851852
0.0,2021-04-07,70.72222222222223
0.0,2021-04-08,70.5962962962963
0.0,2021-04-09,72.15925925925926
0.0,2021-04-10,72.15185185185184
0.0,2021-04-11,71.09074074074074
0.0,2021-04-12,70.7388888888889
0.0,2021-04-13,70.72222222222223
0.0,2021-04-14,70.72592592592592
0.0,2021-04-15,69.78148148148148
0.0,2021-04-16,70.50925925925925
0.0,2021-04-17,71.80925925925926
0.0,2021-04-18,70.66481481481482
0.0,2021-04-19,71.12962962962963
0.0,2021-04-20,71.13148148148149
0.0,2021-04-21,71.13518518518518
0.0,2021-04-22,71.14444444444445
0.0,2021-04-23,71.79814814814814
0.0,2021-04-24,71.81111111111112
0.0,2021-04-25,70.68703703703704
0.0,2021-04-26,71.63518518518518
0.0,2021-04-27,72.43518518518519
0.0,2021-04-28,72.51666666666667
0.0,2021-04-29,72.50740740740741
0.0,2021-04-30,72.71481481481482
0.0,2021-05-01,72.51851851851852
0.0,2021-05-02,71.67407407407407
0.0,2021-05-03,71.6574074074074
0.0,2021-05-04,71.55555555555556
0.0,2021-05-05,70.93333333333334
0.0,2021-05-06,71.28148148148148
0.0,2021-05-07,71.85185185185185
0.0,2021-05-08,71.86296296296297
0.0,2021-05-09,70.84814814814816
0.0,2021-05-10,72.14444444444445
0.0,2021-05-11,72.13333333333334
0.0,2021-05-12,72.1537037037037
0.0,2021-05-13,72.33888888888889
0.0,2021-05-14,73.29629629629629
0.0,2021-05-15,73.30740740740741
0.0,2021-05-16,72.29629629629629
0.0,2021-05-17,72.00555555555556
0.0,2021-05-18,71.87222222222222
0.0,2021-05-19,71.87592592592593
0.0,2021-05-20,71.87962962962963
0.0,2021-05-21,72.06296296296296
0.0,2021-05-22,73.4462962962963
0.0,2021-05-23,72.37407407407407
0.0,2021-05-24,72.33703703703704
0.0,2021-05-25,72.21111111111111
0.0,2021-05-26,72.24444444444444
0.0,2021-05-27,72.25
0.0,2021-05-28,73.2388888888889
0.0,2021-05-29,73.25185185185185
0.0,2021-05-30,72.25
0.0,2021-05-31,72.24814814814815
0.0,2021-06-01,72.29444444444445
0.0,2021-06-02,72.29814814814814
0.0,2021-06-03,72.49444444444444
0.0,2021-06-04,73.48333333333333
0.0,2021-06-05,73.85925925925926
0.0,2021-06-06,72.84814814814816
0.0,2021-06-07,72.10185185185185
0.0,2021-06-08,71.5962962962963
0.0,2021-06-09,71.59814814814816
0.0,2021-06-10,71.60555555555555
0.0,2021-06-11,71.93148148148148
0.0,2021-06-12,73.21111111111111
0.0,2021-06-13,72.20185185185186
0.0,2021-06-14,71.97222222222223
0.0,2021-06-15,72.5111111111111
0.0,2021-06-16,72.51296296296296
0.0,2021-06-17,72.52037037037037
0.0,2021-06-18,72.46296296296296
0.0,2021-06-19,73.76666666666667
0.0,2021-06-20,72.32777777777778
0.0,2021-06-21,71.77962962962962
0.0,2021-06-22,71.88518518518518
0.0,2021-06-23,71.89074074074074
0.0,2021-06-24,71.7611111111111
0.0,2021-06-25,72.13518518518518
0.0,2021-06-26,73.43888888888888
0.0,2021-06-27,72.37592592592593
0.0,2021-06-28,71.84444444444445
0.0,2021-06-29,71.84444444444445
0.0,2021-06-30,71.84444444444445
0.0,2021-07-01,71.82222222222222
0.0,2021-07-02,72.0425925925926
0.0,2021-07-03,73.33518518518518
0.0,2021-07-04,72.27777777777777
0.0,2021-07-05,72.31296296296296
0.0,2021-07-06,72.32962962962964
0.0,2021-07-07,72.33333333333333
0.0,2021-07-08,72.33703703703704
0.0,2021-07-09,73.35555555555555
0.0,2021-07-10,73.36111111111111
0.0,2021-07-11,72.31111111111112
0.0,2021-07-12,72.30185185185185
0.0,2021-07-13,72.3
0.0,2021-07-14,72.3
0.0,2021-07-15,72.3
0.0,2021-07-16,73.35555555555555
0.0,2021-07-17,73.36111111111111
0.0,2021-07-18,72.38888888888889
0.0,2021-07-19,72.3
0.0,2021-07-20,72.3
0.0,2021-07-21,72.3
0.0,2021-07-22,72.30185185185185
0.0,2021-07-23,73.35740740740741
0.0,2021-07-24,73.36666666666666
0.0,2021-07-25,72.31481481481481
0.0,2021-07-26,72.30555555555556
0.0,2021-07-27,72.30555555555556
0.0,2021-07-28,72.30740740740741
0.0,2021-07-29,72.3462962962963
0.0,2021-07-30,73.37592592592593
0.0,2021-07-31,73.38703703703703
0.0,2021-08-01,72.37037037037037
0.0,2021-08-02,72.42222222222222
0.0,2021-08-03,72.41666666666667
0.0,2021-08-04,72.42037037037036
0.0,2021-08-05,72.42407407407407
0.0,2021-08-06,73.41111111111111
0.0,2021-08-07,73.41851851851852
0.0,2021-08-08,72.41481481481482
0.0,2021-08-09,72.40555555555555
0.0,2021-08-10,72.4
0.0,2021-08-11,72.4037037037037
0.0,2021-08-12,72.40925925925926
0.0,2021-08-13,73.41111111111111
0.0,2021-08-14,73.41851851851852
0.0,2021-08-15,72.41111111111111
0.0,2021-08-16,72.4037037037037
0.0,2021-08-17,72.39814814814815
0.0,2021-08-18,72.40185185185184
0.0,2021-08-19,72.43888888888888
0.0,2021-08-20,73.44074074074074
0.0,2021-08-21,73.45
0.0,2021-08-22,72.44259259259259
0.0,2021-08-23,72.45185185185186
0.0,2021-08-24,72.45
0.0,2021-08-25,72.45185185185186
0.0,2021-08-26,72.45555555555555
0.0,2021-08-27,73.46111111111111
0.0,2021-08-28,73.46851851851852
0.0,2021-08-29,72.44259259259259
1.0,2020-09-01,51.1589218328841
1.0,2020-09-02,51.16873315363881
1.0,2020-09-03,51.2933692722372
1.0,2020-09-04,52.36409703504043
1.0,2020-09-05,52.63342318059299
1.0,2020-09-06,51.71601078167116
1.0,2020-09-07,51.53800539083558
1.0,2020-09-08,51.536388140161726
1.0,2020-09-09,51.51805929919137
1.0,2020-09-10,51.48032345013477
1.0,2020-09-11,52.36409703504043
1.0,2020-09-12,52.406145552560645
1.0,2020-09-13,51.46619946091644
1.0,2020-09-14,51.49477088948787
1.0,2020-09-15,51.50199460916442
1.0,2020-09-16,51.52905660377358
1.0,2020-09-17,51.57530997304582
1.0,2020-09-18,52.97811320754717
1.0,2020-09-19,52.99363881401617
1.0,2020-09-20,52.07741239892183
1.0,2020-09-21,52.2111051212938
1.0,2020-09-22,51.89973045822102
1.0,2020-09-23,51.85973045822102
1.0,2020-09-24,52.17843665768194
1.0,2020-09-25,53.118490566037735
1.0,2020-09-26,53.299083557951484
1.0,2020-09-27,52.151590296495954
1.0,2020-09-28,51.91805929919138
1.0,2020-09-29,51.72657681940701
1.0,2020-09-30,51.75514824797844
1.0,2020-10-01,51.74026954177898
1.0,2020-10-02,52.62479784366577
1.0,2020-10-03,52.68032345013477
1.0,2020-10-04,51.73401617250674
1.0,2020-10-05,51.72161725067385
1.0,2020-10-06,51.71795148247978
1.0,2020-10-07,51.720862533692724
1.0,2020-10-08,51.7733692722372
1.0,2020-10-09,52.580377358490566
1.0,2020-10-10,52.64657681940701
1.0,2020-10-11,51.739838274932616
1.0,2020-10-12,51.8188679245283
1.0,2020-10-13,51.82900269541779
1.0,2020-10-14,51.81272237196765
1.0,2020-10-15,51.82878706199461
1.0,2020-10-16,52.64032345013477
1.0,2020-10-17,52.678274932614556
1.0,2020-10-18,51.62932614555256
1.0,2020-10-19,51.627277628032346
1.0,2020-10-20,51.65574123989218
1.0,2020-10-21,51.655309973045824
1.0,2020-10-22,51.66943396226415
1.0,2020-10-23,52.4900269541779
1.0,2020-10-24,52.485175202156334
1.0,2020-10-25,51.58253369272237
1.0,2020-10-26,51.7244204851752
1.0,2020-10-27,51.74867924528302
1.0,2020-10-28,51.769272237196766
1.0,2020-10-29,51.781132075471696
1.0,2020-10-30,52.56722371967655
1.0,2020-10-31,52.62145552560647
1.0,2020-11-01,51.506630727762804
1.0,2020-11-02,51.5155795148248
1.0,2020-11-03,51.52894878706199
1.0,2020-11-04,51.535525606469
1.0,2020-11-05,51.558814016172505
1.0,2020-11-06,52.37369272237197
1.0,2020-11-07,52.394393530997306
1.0,2020-11-08,51.395579514824796
1.0,2020-11-09,51.44840970350404
1.0,2020-11-10,51.48291105121294
1.0,2020-11-11,51.500161725067386
1.0,2020-11-12,51.52905660377358
1.0,2020-11-13,52.33735849056604
1.0,2020-11-14,52.36431266846361
1.0,2020-11-15,51.36851752021563
1.0,2020-11-16,51.44711590296496
1.0,2020-11-17,51.47256064690027
1.0,2020-11-18,51.50339622641509
1.0,2020-11-19,51.53045822102426
1.0,2020-11-20,52.36021563342318
1.0,2020-11-21,52.39654986522911
1.0,2020-11-22,51.427601078167115
1.0,2020-11-23,51.482695417789756
1.0,2020-11-24,51.53013477088949
1.0,2020-11-25,51.579191374663075
1.0,2020-11-26,51.61800539083558
1.0,2020-11-27,52.53261455525607
1.0,2020-11-28,52.546954177897575
1.0,2020-11-29,51.43299191374663
1.0,2020-11-30,51.48312668463612
1.0,2020-12-01,51.544474393531
1.0,2020-12-02,51.55633423180593
1.0,2020-12-03,51.607115902964956
1.0,2020-12-04,52.53455525606469
1.0,2020-12-05,52.56377358490566
1.0,2020-12-06,51.49423180592992
1.0,2020-12-07,51.53369272237197
1.0,2020-12-08,51.548140161725065
1.0,2020-12-09,51.547924528301884
1.0,2020-12-10,51.58857142857143
1.0,2020-12-11,52.50522911051213
1.0,2020-12-12,52.53142857142857
1.0,2020-12-13,51.49768194070081
1.0,2020-12-14,51.54242587601078
1.0,2020-12-15,51.55989218328841
1.0,2020-12-16,51.565498652291105
1.0,2020-12-17,51.6010781671159
1.0,2020-12-18,52.518706199460915
1.0,2020-12-19,52.57132075471698
1.0,2020-12-20,51.699299191374664
1.0,2020-12-21,51.854770889487874
1.0,2020-12-22,51.98695417789757
1.0,2020-12-23,52.169487870619946
1.0,2020-12-24,52.434501347708895
1.0,2020-12-25,53.833423180592995
1.0,2020-12-26,54.04140161725067
1.0,2020-12-27,53.46695417789758
1.0,2020-12-28,53.4856064690027
1.0,2020-12-29,53.9399460916442
1.0,2020-12-30,54.89595687331536
1.0,2020-12-31,55.91654986522911
1.0,2021-01-01,55.155795148247975
1.0,2021-01-02,54.66167115902965
1.0,2021-01-03,53.20345013477089
1.0,2021-01-04,52.53530997304582
1.0,2021-01-05,52.39870619946092
1.0,2021-01-06,52.36053908355795
1.0,2021-01-07,52.390296495956875
1.0,2021-01-08,53.169164420485174
1.0,2021-01-09,53.197628032345015
1.0,2021-01-10,52.28916442048518
1.0,2021-01-11,52.19536388140162
1.0,2021-01-12,52.193746630727766
1.0,2021-01-13,52.22199460916442
1.0,2021-01-14,52.44
1.0,2021-01-15,53.498760107816715
1.0,2021-01-16,53.522695417789755
1.0,2021-01-17,52.625983827493265
1.0,2021-01-18,52.684743935309974
1.0,2021-01-19,52.718167115902965
1.0,2021-01-20,52.690026954177895
1.0,2021-01-21,52.70544474393531
1.0,2021-01-22,53.46695417789758
1.0,2021-01-23,53.474609164420485
1.0,2021-01-24,52.572291105121295
1.0,2021-01-25,52.3533153638814
1.0,2021-01-26,52.376819407008085
1.0,2021-01-27,52.41530997304582
1.0,2021-01-28,52.41617250673855
1.0,2021-01-29,53.190943396226416
1.0,2021-01-30,53.20312668463612
1.0,2021-01-31,52.3589218328841
1.0,2021-02-01,52.81423180592992
1.0,2021-02-02,53.15493261455526
1.0,2021-02-03,53.36819407008086
1.0,2021-02-04,53.36172506738544
1.0,2021-02-05,53.55719676549865
1.0,2021-02-06,53.31622641509434
1.0,2021-02-07,52.42716981132075
1.0,2021-02-08,52.431805929919136
1.0,2021-02-09,52.5233423180593
1.0,2021-02-10,52.53304582210242
1.0,2021-02-11,52.59859838274932
1.0,2021-02-12,53.45563342318059
1.0,2021-02-13,53.4722371967655
1.0,2021-02-14,52.573477088948785
1.0,2021-02-15,52.61757412398922
1.0,2021-02-16,52.64797843665768
1.0,2021-02-17,52.655417789757415
1.0,2021-02-18,52.68280323450135
1.0,2021-02-19,53.48733153638814
1.0,2021-02-20,53.48086253369272
1.0,2021-02-21,52.574986522911054
1.0,2021-02-22,52.590943396226415
1.0,2021-02-23,52.64258760107817
1.0,2021-02-24,52.6844204851752
1.0,2021-02-25,52.704474393530994
1.0,2021-02-26,53.49078167115903
1.0,2021-02-27,53.54318059299192
1.0,2021-02-28,52.60010781671159
1.0,2021-03-01,53.87827493261455
1.0,2021-03-02,53.95989218328841
1.0,2021-03-03,54.00118598382749
1.0,2021-03-04,54.0188679245283
1.0,2021-03-05,54.752991913746634
1.0,2021-03-06,54.726037735849054
1.0,2021-03-07,53.880215633423184
1.0,2021-03-08,54.08043126684636
1.0,2021-03-09,54.45768194070081
1.0,2021-03-10,54.737035040431266
1.0,2021-03-11,54.78598382749326
1.0,2021-03-12,55.42954177897574
1.0,2021-03-13,55.34177897574124
1.0,2021-03-14,54.28819407008086
1.0,2021-03-15,53.944474393530996
1.0,2021-03-16,53.97595687331536
1.0,2021-03-17,53.98501347708895
1.0,2021-03-18,54.01919137466307
1.0,2021-03-19,54.777142857142856
1.0,2021-03-20,54.81380053908356
1.0,2021-03-21,53.9788679245283
1.0,2021-03-22,54.00312668463612
1.0,2021-03-23,54.01897574123989
1.0,2021-03-24,54.040754716981134
1.0,2021-03-25,54.09045822102426
1.0,2021-03-26,54.868140161725066
1.0,2021-03-27,54.88743935309973
1.0,2021-03-28,54.00797843665768
1.0,2021-03-29,54.02415094339623
1.0,2021-03-30,54.046037735849055
1.0,2021-03-31,54.07482479784367
1.0,2021-04-01,54.0288948787062
1.0,2021-04-02,55.150727762803236
1.0,2021-04-03,54.99849056603774
1.0,2021-04-04,54.24355795148248
1.0,2021-04-05,53.87978436657682
1.0,2021-04-06,53.87956873315364
1.0,2021-04-07,53.899083557951485
1.0,2021-04-08,53.917628032345014
1.0,2021-04-09,54.05530997304582
1.0,2021-04-10,54.038274932614556
1.0,2021-04-11,53.146522911051214
1.0,2021-04-12,53.867924528301884
1.0,2021-04-13,53.92905660377358
1.0,2021-04-14,53.90242587601078
1.0,2021-04-15,54.00657681940701
1.0,2021-04-16,54.82566037735849
1.0,2021-04-17,54.821239892183286
1.0,2021-04-18,53.9566576819407
1.0,2021-04-19,54.240431266846365
1.0,2021-04-20,54.293908355795146
1.0,2021-04-21,54.27266846361186
1.0,2021-04-22,54.31654986522911
1.0,2021-04-23,55.11202156334232
1.0,2021-04-24,55.177142857142854
1.0,2021-04-25,53.95180592991914
1.0,2021-04-26,54.765175202156335
1.0,2021-04-27,55.04237196765499
1.0,2021-04-28,55.170673854447436
1.0,2021-04-29,54.98695417789757
1.0,2021-04-30,55.75676549865229
1.0,2021-05-01,55.819838274932614
1.0,2021-05-02,54.74706199460916
1.0,2021-05-03,54.96700808625337
1.0,2021-05-04,54.946954177897574
1.0,2021-05-05,54.940592991913746
1.0,2021-05-06,54.98975741239892
1.0,2021-05-07,55.5477088948787
1.0,2021-05-08,55.46177897574124
1.0,2021-05-09,54.79547169811321
1.0,2021-05-10,54.82512129380054
1.0,2021-05-11,54.84355795148248
1.0,2021-05-12,55.12053908355795
1.0,2021-05-13,55.0377358490566
1.0,2021-05-14,55.86199460916442
1.0,2021-05-15,55.86900269541779
1.0,2021-05-16,55.00625336927224
1.0,2021-05-17,55.002048517520215
1.0,2021-05-18,54.51018867924528
1.0,2021-05-19,54.52226415094339
1.0,2021-05-20,54.54781671159029
1.0,2021-05-21,55.70932614555256
1.0,2021-05-22,55.92657681940701
1.0,2021-05-23,54.82436657681941
1.0,2021-05-24,54.65822102425876
1.0,2021-05-25,54.65584905660377
1.0,2021-05-26,54.68808625336927
1.0,2021-05-27,54.9799460916442
1.0,2021-05-28,55.78210242587601
1.0,2021-05-29,55.80970350404313
1.0,2021-05-30,54.90878706199461
1.0,2021-05-31,54.940485175202156
1.0,2021-06-01,54.96129380053908
1.0,2021-06-02,54.99299191374663
1.0,2021-06-03,55.078490566037736
1.0,2021-06-04,55.93423180592992
1.0,2021-06-05,55.7733692722372
1.0,2021-06-06,54.830512129380054
1.0,2021-06-07,54.93746630727763
1.0,2021-06-08,55.16086253369272
1.0,2021-06-09,55.12183288409703
1.0,2021-06-10,55.13746630727763
1.0,2021-06-11,55.67309973045822
1.0,2021-06-12,55.55827493261455
1.0,2021-06-13,54.69617250673854
1.0,2021-06-14,54.85078167115903
1.0,2021-06-15,54.96355795148248
1.0,2021-06-16,54.98760107816712
1.0,2021-06-17,54.987493261455526
1.0,2021-06-18,55.73261455525606
1.0,2021-06-19,55.643018867924525
1.0,2021-06-20,54.67169811320755
1.0,2021-06-21,54.70307277628032
1.0,2021-06-22,54.731967654986526
1.0,2021-06-23,54.72830188679245
1.0,2021-06-24,54.75805929919137
1.0,2021-06-25,55.76851752021563
1.0,2021-06-26,55.76053908355795
1.0,2021-06-27,54.80679245283019
1.0,2021-06-28,54.822964959568736
1.0,2021-06-29,55.089164420485176
1.0,2021-06-30,55.10231805929919
1.0,2021-07-01,55.20064690026954
1.0,2021-07-02,55.97304582210243
1.0,2021-07-03,55.873854447439356
1.0,2021-07-04,54.57380053908356
1.0,2021-07-05,54.60064690026954
1.0,2021-07-06,54.62156334231806
1.0,2021-07-07,54.62641509433962
1.0,2021-07-08,54.704582210242584
1.0,2021-07-09,55.513315363881404
1.0,2021-07-10,55.45897574123989
1.0,2021-07-11,54.482479784366575
1.0,2021-07-12,54.45099730458221
1.0,2021-07-13,54.46469002695418
1.0,2021-07-14,54.47245283018868
1.0,2021-07-15,54.57056603773585
1.0,2021-07-16,55.441401617250676
1.0,2021-07-17,55.46630727762803
1.0,2021-07-18,54.67277628032345
1.0,2021-07-19,54.63428571428572
1.0,2021-07-20,54.644851752021566
1.0,2021-07-21,54.630188679245286
1.0,2021-07-22,54.64938005390835
1.0,2021-07-23,55.578975741239894
1.0,2021-07-24,55.46070080862534
1.0,2021-07-25,54.52032345013477
1.0,2021-07-26,54.4655525606469
1.0,2021-07-27,54.47913746630728
1.0,2021-07-28,54.486361185983824
1.0,2021-07-29,54.561509433962264
1.0,2021-07-30,55.41897574123989
1.0,2021-07-31,55.43482479784367
1.0,2021-08-01,58.51407008086253
1.0,2021-08-02,58.49940700808625
1.0,2021-08-03,58.53811320754717
1.0,2021-08-04,58.521293800539084
1.0,2021-08-05,58.59611859838275
1.0,2021-08-06,59.448086253369276
1.0,2021-08-07,59.45962264150943
1.0,2021-08-08,58.51525606469003
1.0,2021-08-09,58.47407008086253
1.0,2021-08-10,58.49078167115903
1.0,2021-08-11,58.49477088948787
1.0,2021-08-12,58.58177897574124
1.0,2021-08-13,59.427708894878705
1.0,2021-08-14,59.421024258760106
1.0,2021-08-15,58.49574123989218
1.0,2021-08-16,58.558706199460914
1.0,2021-08-17,58.572506738544476
1.0,2021-08-18,58.5788679245283
1.0,2021-08-19,58.65175202156334
1.0,2021-08-20,59.5111590296496
1.0,2021-08-21,59.41390835579515
1.0,2021-08-22,58.50350404312668
1.0,2021-08-23,58.735633423180595
1.0,2021-08-24,58.735633423180595
1.0,2021-08-25,58.73207547169811
1.0,2021-08-26,58.74156334231806
1.0,2021-08-27,59.65304582210243
1.0,2021-08-28,59.594824797843664
1.0,2021-08-29,58.6844204851752
2.0,2020-09-01,71.11528564076171
2.0,2020-09-02,70.94184251158003
2.0,2020-09-03,71.4341224909933
2.0,2020-09-04,73.99794132784353
2.0,2020-09-05,74.58672156459085
2.0,2020-09-06,72.21513124034998
2.0,2020-09-07,72.1407617086979
2.0,2020-09-08,72.17601646937725
2.0,2020-09-09,72.29670612454967
2.0,2020-09-10,72.28718476582604
2.0,2020-09-11,74.46603190941842
2.0,2020-09-12,74.56845084920226
2.0,2020-09-13,72.4498198661863
2.0,2020-09-14,72.18373648996398
2.0,2020-09-15,72.1878538342769
2.0,2020-09-16,72.33865156973752
2.0,2020-09-17,72.5174987133299
2.0,2020-09-18,74.64179104477611
2.0,2020-09-19,74.81343283582089
2.0,2020-09-20,72.40967575913535
2.0,2020-09-21,72.594184251158
2.0,2020-09-22,72.89500772002059
2.0,2020-09-23,73.00952135872362
2.0,2020-09-24,73.44390118373649
2.0,2020-09-25,76.00283067421513
2.0,2020-09-26,76.18553782810088
2.0,2020-09-27,73.79953679876479
2.0,2020-09-28,72.8659289758106
2.0,2020-09-29,72.72336592897581
2.0,2020-09-30,72.59083890890376
2.0,2020-10-01,73.10061760164693
2.0,2020-10-02,75.48147195059187
2.0,2020-10-03,75.58183221821925
2.0,2020-10-04,73.2228512609367
2.0,2020-10-05,73.3085434894493
2.0,2020-10-06,73.30931549150797
2.0,2020-10-07,73.29541945445187
2.0,2020-10-08,73.4045290787442
2.0,2020-10-09,75.47478126608338
2.0,2020-10-10,75.5229027277406
2.0,2020-10-11,73.37596500257334
2.0,2020-10-12,73.48713329902213
2.0,2020-10-13,73.55995882655687
2.0,2020-10-14,73.547092125579
2.0,2020-10-15,73.52676273803397
2.0,2020-10-16,75.54683479155945
2.0,2020-10-17,75.62300566134843
2.0,2020-10-18,73.17678847143593
2.0,2020-10-19,73.18090581574884
2.0,2020-10-20,73.29876479670612
2.0,2020-10-21,73.30519814719506
2.0,2020-10-22,73.33350488934637
2.0,2020-10-23,75.41199176531137
2.0,2020-10-24,75.38728769943387
2.0,2020-10-25,73.11580030880083
2.0,2020-10-26,73.19402985074628
2.0,2020-10-27,73.25579001544004
2.0,2020-10-28,73.30777148739064
2.0,2020-10-29,73.33350488934637
2.0,2020-10-30,75.55584148224395
2.0,2020-10-31,75.59212557900155
2.0,2020-11-01,73.21127123005661
2.0,2020-11-02,73.29207411219764
2.0,2020-11-03,73.38548636129697
2.0,2020-11-04,73.54246011322697
2.0,2020-11-05,73.5362840967576
2.0,2020-11-06,75.56536284096758
2.0,2020-11-07,75.57231085949563
2.0,2020-11-08,73.23108594956253
2.0,2020-11-09,73.27483273288729
2.0,2020-11-10,73.3502316006176
2.0,2020-11-11,73.37725167267112
2.0,2020-11-12,73.44750386001029
2.0,2020-11-13,75.57359752959341
2.0,2020-11-14,75.61888831703551
2.0,2020-11-15,73.26891405043747
2.0,2020-11-16,73.24781266083376
2.0,2020-11-17,73.30030880082347
2.0,2020-11-18,73.3623262995368
2.0,2020-11-19,73.3955223880597
2.0,2020-11-20,75.50591868244982
2.0,2020-11-21,75.5331960885229
2.0,2020-11-22,73.25347400926402
2.0,2020-11-23,73.30236747297992
2.0,2020-11-24,73.38419969119917
2.0,2020-11-25,73.46114256304683
2.0,2020-11-26,73.5229027277406
2.0,2020-11-27,75.73777663407103
2.0,2020-11-28,75.74832732887288
2.0,2020-11-29,73.34457025218734
2.0,2020-11-30,73.36387030365414
2.0,2020-12-01,73.57205352547606
2.0,2020-12-02,73.75913535769429
2.0,2020-12-03,73.64693772516726
2.0,2020-12-04,76.05455481214616
2.0,2020-12-05,76.03345342254246
2.0,2020-12-06,73.76788471435924
2.0,2020-12-07,73.58286155429748
2.0,2020-12-08,73.73314462171899
2.0,2020-12-09,73.60241893978385
2.0,2020-12-10,73.80519814719506
2.0,2020-12-11,75.95959855892949
2.0,2020-12-12,76.03834276891405
2.0,2020-12-13,73.67164179104478
2.0,2020-12-14,73.63201235203294
2.0,2020-12-15,73.75064333504889
2.0,2020-12-16,73.8049408131755
2.0,2020-12-17,73.88934637159032
2.0,2020-12-18,76.53293875450335
2.0,2020-12-19,76.64822439526506
2.0,2020-12-20,74.86798764796706
2.0,2020-12-21,74.82475553268142
2.0,2020-12-22,75.45548121461657
2.0,2020-12-23,75.98353062274833
2.0,2020-12-24,76.9825012866701
2.0,2020-12-25,79.07282552753475
2.0,2020-12-26,79.68553782810088
2.0,2020-12-27,78.16134843026248
2.0,2020-12-28,78.8623262995368
2.0,2020-12-29,80.01904271744725
2.0,2020-12-30,83.23648996397324
2.0,2020-12-31,85.69711785898096
2.0,2021-01-01,83.01852804940813
2.0,2021-01-02,81.35229027277406
2.0,2021-01-03,77.14487905301081
2.0,2021-01-04,75.27895007720021
2.0,2021-01-05,75.02470406587751
2.0,2021-01-06,74.78178075141534
2.0,2021-01-07,74.79567678847144
2.0,2021-01-08,76.68322182192486
2.0,2021-01-09,76.69660319094184
2.0,2021-01-10,74.1497683993824
2.0,2021-01-11,74.15002573340196
2.0,2021-01-12,74.12609366958311
2.0,2021-01-13,74.44287184765827
2.0,2021-01-14,74.4788986103963
2.0,2021-01-15,76.90298507462687
2.0,2021-01-16,76.9094184251158
2.0,2021-01-17,74.63329902213073
2.0,2021-01-18,74.62635100360268
2.0,2021-01-19,75.00977869274318
2.0,2021-01-20,74.68811116829644
2.0,2021-01-21,74.9879053010808
2.0,2021-01-22,76.89989706639217
2.0,2021-01-23,76.61631497683994
2.0,2021-01-24,74.8157488419969
2.0,2021-01-25,74.24678332475553
2.0,2021-01-26,74.32835820895522
2.0,2021-01-27,74.61631497683994
2.0,2021-01-28,74.3417395779722
2.0,2021-01-29,76.3363355635615
2.0,2021-01-30,76.2735460627895
2.0,2021-01-31,74.61811631497685
2.0,2021-02-01,74.75681935151827
2.0,2021-02-02,75.57720020586721
2.0,2021-02-03,75.8242408646423
2.0,2021-02-04,75.52161605764282
2.0,2021-02-05,76.9788986103963
2.0,2021-02-06,76.73494595985589
2.0,2021-02-07,74.95316520844055
2.0,2021-02-08,74.53268142048378
2.0,2021-02-09,74.86567164179104
2.0,2021-02-10,74.88625836335564
2.0,2021-02-11,75.03345342254246
2.0,2021-02-12,77.3417395779722
2.0,2021-02-13,77.09495625321668
2.0,2021-02-14,75.06716417910448
2.0,2021-02-15,75.02187339166238
2.0,2021-02-16,75.38111168296449
2.0,2021-02-17,75.3834276891405
2.0,2021-02-18,75.44029850746269
2.0,2021-02-19,77.13818836850231
2.0,2021-02-20,77.16031909418425
2.0,2021-02-21,75.06716417910448
2.0,2021-02-22,75.00746268656717
2.0,2021-02-23,74.76634071024189
2.0,2021-02-24,74.80468347915594
2.0,2021-02-25,74.82810087493567
2.0,2021-02-26,76.86078229541945
2.0,2021-02-27,76.99948533196088
2.0,2021-02-28,74.93566649511065
2.0,2021-03-01,76.16598044261451
2.0,2021-03-02,76.5174987133299
2.0,2021-03-03,76.5398867730314
2.0,2021-03-04,76.29207411219764
2.0,2021-03-05,78.50617601646938
2.0,2021-03-06,78.57282552753475
2.0,2021-03-07,76.23494595985589
2.0,2021-03-08,76.79053010808029
2.0,2021-03-09,77.14359238291303
2.0,2021-03-10,77.33839423571796
2.0,2021-03-11,77.77869274318064
2.0,2021-03-12,79.4027277406073
2.0,2021-03-13,79.03216675244467
2.0,2021-03-14,77.1672671127123
2.0,2021-03-15,76.40221307256819
2.0,2021-03-16,76.57462686567165
2.0,2021-03-17,76.64951106536284
2.0,2021-03-18,76.71461657231086
2.0,2021-03-19,78.52393206381883
2.0,2021-03-20,78.61348430262481
2.0,2021-03-21,76.6878538342769
2.0,2021-03-22,76.67858980957283
2.0,2021-03-23,76.72593926917139
2.0,2021-03-24,76.75527534740093
2.0,2021-03-25,76.85434894493052
2.0,2021-03-26,78.68708183221823
2.0,2021-03-27,78.74472465259907
2.0,2021-03-28,76.78126608337622
2.0,2021-03-29,76.8031394750386
2.0,2021-03-30,76.87853834276892
2.0,2021-03-31,76.84765826042202
2.0,2021-04-01,77.03088008234688
2.0,2021-04-02,79.07797220792588
2.0,2021-04-03,79.17421513124035
2.0,2021-04-04,77.28152341739577
2.0,2021-04-05,76.73854863612969
2.0,2021-04-06,76.91765311374164
2.0,2021-04-07,76.9426145136387
2.0,2021-04-08,77.01955738548637
2.0,2021-04-09,78.54014410705095
2.0,2021-04-10,78.6219763252702
2.0,2021-04-11,76.66289243437983
2.0,2021-04-12,77.33427689140504
2.0,2021-04-13,77.41559444158517
2.0,2021-04-14,77.05892949047865
2.0,2021-04-15,77.37931034482759
2.0,2021-04-16,78.8556356150283
2.0,2021-04-17,78.91096242923314
2.0,2021-04-18,77.18862583633556
2.0,2021-04-19,77.43103448275862
2.0,2021-04-20,77.54091610910963
2.0,2021-04-21,77.19943386515698
2.0,2021-04-22,77.60061760164693
2.0,2021-04-23,79.45187853834277
2.0,2021-04-24,79.52187339166238
2.0,2021-04-25,77.56664951106536
2.0,2021-04-26,78.62094698919198
2.0,2021-04-27,79.25038600102934
2.0,2021-04-28,79.3870303654143
2.0,2021-04-29,78.80931549150797
2.0,2021-04-30,80.7246525990736
2.0,2021-05-01,80.43257848687597
2.0,2021-05-02,78.13432835820896
2.0,2021-05-03,77.88934637159032
2.0,2021-05-04,77.57462686567165
2.0,2021-05-05,77.31369016984046
2.0,2021-05-06,77.64822439526506
2.0,2021-05-07,79.33865156973752
2.0,2021-05-08,79.35460627895007
2.0,2021-05-09,77.54117344312918
2.0,2021-05-10,77.53860010293361
2.0,2021-05-11,77.58260422027791
2.0,2021-05-12,77.89114770972722
2.0,2021-05-13,78.21204323211529
2.0,2021-05-14,79.91739577972209
2.0,2021-05-15,79.93746783324755
2.0,2021-05-16,77.49897066392177
2.0,2021-05-17,77.74575398867731
2.0,2021-05-18,77.34122490993309
2.0,2021-05-19,77.4009264024704
2.0,2021-05-20,77.15491507977355
2.0,2021-05-21,79.92897581060217
2.0,2021-05-22,80.25965002573341
2.0,2021-05-23,78.15311374163664
2.0,2021-05-24,77.86798764796706
2.0,2021-05-25,77.70818322182193
2.0,2021-05-26,77.69994853319609
2.0,2021-05-27,77.90658775090067
2.0,2021-05-28,79.52521873391662
2.0,2021-05-29,79.58260422027791
2.0,2021-05-30,77.80725681935152
2.0,2021-05-31,77.55764282038085
2.0,2021-06-01,77.61785898095728
2.0,2021-06-02,77.64333504889346
2.0,2021-06-03,77.87236232629954
2.0,2021-06-04,79.81008749356666
2.0,2021-06-05,79.84482758620689
2.0,2021-06-06,77.609881626351
2.0,2021-06-07,77.40504374678332
2.0,2021-06-08,77.625579001544
2.0,2021-06-09,77.4045290787442
2.0,2021-06-10,77.46757591353577
2.0,2021-06-11,79.25090066906846
2.0,2021-06-12,79.28358208955224
2.0,2021-06-13,77.29130211013896
2.0,2021-06-14,77.29155944415852
2.0,2021-06-15,77.35717961914565
2.0,2021-06-16,77.34431291816779
2.0,2021-06-17,77.4233144621719
2.0,2021-06-18,79.30931549150797
2.0,2021-06-19,79.3345342254246
2.0,2021-06-20,77.3345342254246
2.0,2021-06-21,77.39526505404014
2.0,2021-06-22,77.46088522902728
2.0,2021-06-23,77.40890375707669
2.0,2021-06-24,77.43077714873907
2.0,2021-06-25,79.61966031909418
2.0,2021-06-26,79.66443643849716
2.0,2021-06-27,77.48198661863098
2.0,2021-06-28,77.27689140504374
2.0,2021-06-29,77.4861039629439
2.0,2021-06-30,77.48404529078744
2.0,2021-07-01,77.74369531652084
2.0,2021-07-02,79.75424601132269
2.0,2021-07-03,79.25733401955739
2.0,2021-07-04,76.62403499742666
2.0,2021-07-05,76.53474009264025
2.0,2021-07-06,76.58569222851261
2.0,2021-07-07,76.67498713329903
2.0,2021-07-08,76.8067421513124
2.0,2021-07-09,78.71384457025219
2.0,2021-07-10,78.77637673700463
2.0,2021-07-11,76.66958311888831
2.0,2021-07-12,76.48224395265053
2.0,2021-07-13,76.49845599588265
2.0,2021-07-14,76.53396809058158
2.0,2021-07-15,76.74060730828616
2.0,2021-07-16,78.5398867730314
2.0,2021-07-17,78.59006690684508
2.0,2021-07-18,76.58054554812146
2.0,2021-07-19,76.57462686567165
2.0,2021-07-20,76.6165723108595
2.0,2021-07-21,76.66984045290788
2.0,2021-07-22,76.58852290272775
2.0,2021-07-23,78.53474009264025
2.0,2021-07-24,78.5277920741122
2.0,2021-07-25,76.51441070509522
2.0,2021-07-26,76.43875450334534
2.0,2021-07-27,76.48584662892435
2.0,2021-07-28,76.49768399382398
2.0,2021-07-29,76.62274832732888
2.0,2021-07-30,78.48661863098302
2.0,2021-07-31,78.50257334019557
2.0,2021-08-01,78.28872876994339
2.0,2021-08-02,78.3031394750386
2.0,2021-08-03,78.32758620689656
2.0,2021-08-04,78.32166752444674
2.0,2021-08-05,78.47169325784868
2.0,2021-08-06,80.33427689140504
2.0,2021-08-07,80.32295419454452
2.0,2021-08-08,78.31806484817292
2.0,2021-08-09,78.28023674729799
2.0,2021-08-10,78.31600617601647
2.0,2021-08-11,78.30622748327329
2.0,2021-08-12,78.48095728255275
2.0,2021-08-13,80.30056613484302
2.0,2021-08-14,80.3157488419969
2.0,2021-08-15,78.30211013896037
2.0,2021-08-16,78.21281523417396
2.0,2021-08-17,78.25141533710756
2.0,2021-08-18,78.26299536798764
2.0,2021-08-19,78.39706639217705
2.0,2021-08-20,80.26634071024189
2.0,2021-08-21,80.28075141533711
2.0,2021-08-22,78.26942871847658
2.0,2021-08-23,78.76042202779207
2.0,2021-08-24,78.8103448275862
2.0,2021-08-25,78.79258878023674
2.0,2021-08-26,78.90349974266599
2.0,2021-08-27,80.76196603190942
2.0,2021-08-28,80.89475038600104
2.0,2021-08-29,78.5802882141019
3.0,2020-09-01,106.37864077669903
3.0,2020-09-02,106.53574580759047
3.0,2020-09-03,107.16504854368932
3.0,2020-09-04,110.90820829655782
3.0,2020-09-05,111.90997352162401
3.0,2020-09-06,108.27449249779347
3.0,2020-09-07,108.38923212709621
3.0,2020-09-08,108.52868490732568
3.0,2020-09-09,108.65666372462489
3.0,2020-09-10,108.46425419240953
3.0,2020-09-11,111.61782877316858
3.0,2020-09-12,111.954986760812
3.0,2020-09-13,107.78817299205649
3.0,2020-09-14,108.14739629302736
3.0,2020-09-15,108.29126213592232
3.0,2020-09-16,108.64607237422771
3.0,2020-09-17,109.29390997352162
3.0,2020-09-18,112.44307149161519
3.0,2020-09-19,112.76434245366285
3.0,2020-09-20,108.53927625772286
3.0,2020-09-21,109.07766990291262
3.0,2020-09-22,110.22771403353927
3.0,2020-09-23,110.68755516328332
3.0,2020-09-24,112.09708737864078
3.0,2020-09-25,115.62753751103266
3.0,2020-09-26,116.3503971756399
3.0,2020-09-27,111.30803177405119
3.0,2020-09-28,110.05472197705207
3.0,2020-09-29,109.75375110326567
3.0,2020-09-30,109.19417475728156
3.0,2020-10-01,110.09885260370697
3.0,2020-10-02,113.37687555163284
3.0,2020-10-03,113.93733451015004
3.0,2020-10-04,109.44836716681377
3.0,2020-10-05,109.58252427184466
3.0,2020-10-06,109.48808473080318
3.0,2020-10-07,109.42983230361871
3.0,2020-10-08,109.62312444836716
3.0,2020-10-09,112.92321270962047
3.0,2020-10-10,113.18005295675198
3.0,2020-10-11,109.61871138570167
3.0,2020-10-12,110.15445719329215
3.0,2020-10-13,110.36363636363636
3.0,2020-10-14,110.1297440423654
3.0,2020-10-15,110.05648720211828
3.0,2020-10-16,113.09355692850839
3.0,2020-10-17,113.31685789938217
3.0,2020-10-18,109.3071491615181
3.0,2020-10-19,109.58693733451015
3.0,2020-10-20,109.84201235657547
3.0,2020-10-21,109.79611650485437
3.0,2020-10-22,110.05913503971756
3.0,2020-10-23,112.97352162400706
3.0,2020-10-24,112.94351279788172
3.0,2020-10-25,109.11209179170345
3.0,2020-10-26,109.27890556045895
3.0,2020-10-27,109.50661959399824
3.0,2020-10-28,109.59576345984112
3.0,2020-10-29,109.91791703442189
3.0,2020-10-30,112.9585172109444
3.0,2020-10-31,113.04854368932038
3.0,2020-11-01,108.29655781112092
3.0,2020-11-02,108.46866725507502
3.0,2020-11-03,108.65666372462489
3.0,2020-11-04,108.6090026478376
3.0,2020-11-05,108.72639011473963
3.0,2020-11-06,111.62224183583407
3.0,2020-11-07,111.76610767872904
3.0,2020-11-08,108.17652250661959
3.0,2020-11-09,108.32833186231244
3.0,2020-11-10,108.6063548102383
3.0,2020-11-11,108.64342453662842
3.0,2020-11-12,108.77228596646073
3.0,2020-11-13,111.76257722859664
3.0,2020-11-14,111.8693733451015
3.0,2020-11-15,108.13768755516328
3.0,2020-11-16,108.16769638128861
3.0,2020-11-17,108.35569285083848
3.0,2020-11-18,108.48984995586937
3.0,2020-11-19,108.67166813768756
3.0,2020-11-20,111.66460723742277
3.0,2020-11-21,111.84554280670785
3.0,2020-11-22,108.26566637246249
3.0,2020-11-23,108.5233892321271
3.0,2020-11-24,108.93380406001765
3.0,2020-11-25,109.1315092674316
3.0,2020-11-26,109.31421006178287
3.0,2020-11-27,112.35834068843778
3.0,2020-11-28,112.54633715798764
3.0,2020-11-29,108.85525154457193
3.0,2020-11-30,108.62488967343336
3.0,2020-12-01,109.07855251544572
3.0,2020-12-02,109.11297440423654
3.0,2020-12-03,109.10414827890556
3.0,2020-12-04,112.02736098852604
3.0,2020-12-05,112.19858781994704
3.0,2020-12-06,108.5631067961165
3.0,2020-12-07,108.49161518093557
3.0,2020-12-08,108.75463371579876
3.0,2020-12-09,108.73433362753751
3.0,2020-12-10,108.87996469549867
3.0,2020-12-11,112.03618711385701
3.0,2020-12-12,112.22153574580759
3.0,2020-12-13,108.63901147396292
3.0,2020-12-14,108.70079435127978
3.0,2020-12-15,108.8711385701677
3.0,2020-12-16,108.93733451015004
3.0,2020-12-17,109.16328331862313
3.0,2020-12-18,112.51544571932921
3.0,2020-12-19,113.00706090026479
3.0,2020-12-20,110.07413945278023
3.0,2020-12-21,111.0
3.0,2020-12-22,111.74227714033539
3.0,2020-12-23,112.83053839364518
3.0,2020-12-24,114.51368049426301
3.0,2020-12-25,117.49338040600176
3.0,2020-12-26,117.87466902030009
3.0,2020-12-27,117.01500441306267
3.0,2020-12-28,119.27537511032656
3.0,2020-12-29,123.07325684024713
3.0,2020-12-30,128.55251544571934
3.0,2020-12-31,134.98764342453663
3.0,2021-01-01,125.9593998234775
3.0,2021-01-02,122.10503089143866
3.0,2021-01-03,115.77228596646073
3.0,2021-01-04,111.306266548985
3.0,2021-01-05,110.60194174757281
3.0,2021-01-06,109.91968225948808
3.0,2021-01-07,109.96822594880847
3.0,2021-01-08,112.85789938217123
3.0,2021-01-09,112.90203000882613
3.0,2021-01-10,109.62577228596646
3.0,2021-01-11,109.59223300970874
3.0,2021-01-12,109.54280670785525
3.0,2021-01-13,109.43954104148278
3.0,2021-01-14,110.16063548102383
3.0,2021-01-15,113.51544571932921
3.0,2021-01-16,113.50661959399824
3.0,2021-01-17,110.2180052956752
3.0,2021-01-18,110.11915269196822
3.0,2021-01-19,110.16769638128861
3.0,2021-01-20,110.11473962930273
3.0,2021-01-21,110.14651368049427
3.0,2021-01-22,113.11915269196822
3.0,2021-01-23,113.27096204766107
3.0,2021-01-24,109.77493380406001
3.0,2021-01-25,109.63724624889673
3.0,2021-01-26,109.53309796999118
3.0,2021-01-27,109.60370697263902
3.0,2021-01-28,109.46601941747574
3.0,2021-01-29,112.38393645189761
3.0,2021-01-30,112.40070609002647
3.0,2021-01-31,109.32568402471315
3.0,2021-02-01,110.19682259488084
3.0,2021-02-02,111.50838481906443
3.0,2021-02-03,111.97705207413945
3.0,2021-02-04,112.23654015887026
3.0,2021-02-05,113.98234774933805
3.0,2021-02-06,113.61959399823478
3.0,2021-02-07,110.29126213592232
3.0,2021-02-08,109.67166813768756
3.0,2021-02-09,109.62842012356576
3.0,2021-02-10,110.25595763459842
3.0,2021-02-11,110.62842012356576
3.0,2021-02-12,113.85525154457193
3.0,2021-02-13,113.96910856134157
3.0,2021-02-14,110.67519858781995
3.0,2021-02-15,110.61782877316858
3.0,2021-02-16,110.66902030008826
3.0,2021-02-17,110.68490732568402
3.0,2021-02-18,111.20388349514563
3.0,2021-02-19,114.32656663724624
3.0,2021-02-20,114.44483671668138
3.0,2021-02-21,110.81112091791704
3.0,2021-02-22,110.03177405119153
3.0,2021-02-23,110.23918799646955
3.0,2021-02-24,110.33627537511033
3.0,2021-02-25,110.3495145631068
3.0,2021-02-26,113.37864077669903
3.0,2021-02-27,113.61694616063548
3.0,2021-02-28,110.33274492497793
3.0,2021-03-01,114.74227714033539
3.0,2021-03-02,115.03530450132392
3.0,2021-03-03,115.25507502206531
3.0,2021-03-04,115.45454545454545
3.0,2021-03-05,117.78552515445719
3.0,2021-03-06,117.81553398058253
3.0,2021-03-07,114.9143865842895
3.0,2021-03-08,115.30097087378641
3.0,2021-03-09,116.00353045013239
3.0,2021-03-10,116.81023830538393
3.0,2021-03-11,117.19417475728156
3.0,2021-03-12,119.49426301853487
3.0,2021-03-13,119.261253309797
3.0,2021-03-14,116.10150044130627
3.0,2021-03-15,114.81112091791704
3.0,2021-03-16,114.14298323036188
3.0,2021-03-17,114.08473080317741
3.0,2021-03-18,114.23477493380406
3.0,2021-03-19,116.96734333627538
3.0,2021-03-20,117.20211827007944
3.0,2021-03-21,114.36451897616946
3.0,2021-03-22,114.45189761694616
3.0,2021-03-23,114.59135039717565
3.0,2021-03-24,114.63106796116504
3.0,2021-03-25,114.80935569285084
3.0,2021-03-26,117.48455428067079
3.0,2021-03-27,117.6045895851721
3.0,2021-03-28,114.78817299205649
3.0,2021-03-29,114.9090909090909
3.0,2021-03-30,115.02383053839364
3.0,2021-03-31,114.84466019417475
3.0,2021-04-01,114.06178287731686
3.0,2021-04-02,117.12091791703442
3.0,2021-04-03,117.49779346866725
3.0,2021-04-04,114.64342453662842
3.0,2021-04-05,114.09443954104148
3.0,2021-04-06,114.63548102383054
3.0,2021-04-07,114.64165931156222
3.0,2021-04-08,114.86407766990291
3.0,2021-04-09,115.27978817299206
3.0,2021-04-10,115.51456310679612
3.0,2021-04-11,112.24271844660194
3.0,2021-04-12,114.43777581641659
3.0,2021-04-13,114.57193292144748
3.0,2021-04-14,114.46425419240953
3.0,2021-04-15,114.67431597528685
3.0,2021-04-16,117.32744924977935
3.0,2021-04-17,117.42630185348632
3.0,2021-04-18,114.43071491615181
3.0,2021-04-19,115.93115622241835
3.0,2021-04-20,116.09620476610768
3.0,2021-04-21,116.10238305383936
3.0,2021-04-22,116.3495145631068
3.0,2021-04-23,119.07237422771404
3.0,2021-04-24,119.87202118270079
3.0,2021-04-25,115.38658428949691
3.0,2021-04-26,120.93468667255075
3.0,2021-04-27,122.44218887908208
3.0,2021-04-28,122.92144748455428
3.0,2021-04-29,122.03000882612533
3.0,2021-04-30,122.89938217122683
3.0,2021-05-01,121.86319505736981
3.0,2021-05-02,117.3468667255075
3.0,2021-05-03,116.71315092674315
3.0,2021-05-04,116.45542806707856
3.0,2021-05-05,116.67343336275376
3.0,2021-05-06,116.92586054721977
3.0,2021-05-07,119.22947925860547
3.0,2021-05-08,119.25507502206531
3.0,2021-05-09,116.43071491615181
3.0,2021-05-10,116.58958517210944
3.0,2021-05-11,116.89496910856134
3.0,2021-05-12,117.67696381288614
3.0,2021-05-13,118.45101500441307
3.0,2021-05-14,120.61253309796999
3.0,2021-05-15,120.70609002647838
3.0,2021-05-16,117.47396293027361
3.0,2021-05-17,117.1774051191527
3.0,2021-05-18,115.6090026478376
3.0,2021-05-19,115.6531332744925
3.0,2021-05-20,115.84995586937335
3.0,2021-05-21,120.06001765225066
3.0,2021-05-22,120.74227714033539
3.0,2021-05-23,117.08473080317741
3.0,2021-05-24,116.16151809355694
3.0,2021-05-25,116.06090026478375
3.0,2021-05-26,116.14121800529567
3.0,2021-05-27,117.53398058252426
3.0,2021-05-28,120.59046778464254
3.0,2021-05-29,120.84819064430715
3.0,2021-05-30,117.30008826125331
3.0,2021-05-31,117.46072374227714
3.0,2021-06-01,117.46866725507502
3.0,2021-06-02,117.7396293027361
3.0,2021-06-03,118.45807590467784
3.0,2021-06-04,121.65666372462489
3.0,2021-06-05,121.99029126213593
3.0,2021-06-06,118.37775816416593
3.0,2021-06-07,117.88526037069727
3.0,2021-06-08,117.44924977934687
3.0,2021-06-09,117.24183583406884
3.0,2021-06-10,117.3901147396293
3.0,2021-06-11,119.22683142100618
3.0,2021-06-12,119.33274492497793
3.0,2021-06-13,115.73698146513681
3.0,2021-06-14,115.9126213592233
3.0,2021-06-15,116.15004413062665
3.0,2021-06-16,116.09002647837599
3.0,2021-06-17,116.28949691085613
3.0,2021-06-18,119.33804060017653
3.0,2021-06-19,119.51456310679612
3.0,2021-06-20,115.95233892321271
3.0,2021-06-21,115.96734333627538
3.0,2021-06-22,116.06090026478375
3.0,2021-06-23,116.02383053839364
3.0,2021-06-24,116.40247131509267
3.0,2021-06-25,120.0017652250662
3.0,2021-06-26,120.06531332744925
3.0,2021-06-27,116.36363636363636
3.0,2021-06-28,115.82171226831422
3.0,2021-06-29,117.22771403353927
3.0,2021-06-30,117.2180052956752
3.0,2021-07-01,117.61518093556928
3.0,2021-07-02,120.6540158870256
3.0,2021-07-03,120.45984112974405
3.0,2021-07-04,115.11385701676964
3.0,2021-07-05,115.01323918799648
3.0,2021-07-06,115.46954986760812
3.0,2021-07-07,115.64518976169461
3.0,2021-07-08,115.69902912621359
3.0,2021-07-09,119.0873786407767
3.0,2021-07-10,119.261253309797
3.0,2021-07-11,115.30891438658429
3.0,2021-07-12,115.0414827890556
3.0,2021-07-13,115.15445719329215
3.0,2021-07-14,115.15710503089144
3.0,2021-07-15,115.76345984112974
3.0,2021-07-16,118.66107678729038
3.0,2021-07-17,118.69108561341571
3.0,2021-07-18,115.26919682259488
3.0,2021-07-19,115.09973521624008
3.0,2021-07-20,115.39982347749338
3.0,2021-07-21,115.29037952338923
3.0,2021-07-22,115.33274492497793
3.0,2021-07-23,118.4748455428067
3.0,2021-07-24,118.7819947043248
3.0,2021-07-25,115.28243601059135
3.0,2021-07-26,115.10856134157105
3.0,2021-07-27,115.30097087378641
3.0,2021-07-28,115.41747572815534
3.0,2021-07-29,116.01147396293027
3.0,2021-07-30,119.06796116504854
3.0,2021-07-31,119.16769638128861
3.0,2021-08-01,119.5251544571933
3.0,2021-08-02,119.6522506619594
3.0,2021-08-03,119.75816416593116
3.0,2021-08-04,119.70079435127978
3.0,2021-08-05,119.75639894086495
3.0,2021-08-06,122.6928508384819
3.0,2021-08-07,122.89938217122683
3.0,2021-08-08,119.52780229479258
3.0,2021-08-09,119.34157105030891
3.0,2021-08-10,119.70255957634599
3.0,2021-08-11,119.49602824360106
3.0,2021-08-12,119.83053839364518
3.0,2021-08-13,122.68490732568402
3.0,2021-08-14,123.03265666372462
3.0,2021-08-15,119.5198587819947
3.0,2021-08-16,119.31332744924978
3.0,2021-08-17,119.39982347749338
3.0,2021-08-18,119.522506619594
3.0,2021-08-19,119.71315092674315
3.0,2021-08-20,122.56751985878199
3.0,2021-08-21,122.64695498676082
3.0,2021-08-22,119.2639011473963
3.0,2021-08-23,119.03971756398941
3.0,2021-08-24,119.26301853486319
3.0,2021-08-25,119.14651368049427
3.0,2021-08-26,119.3071491615181
3.0,2021-08-27,122.27978817299206
3.0,2021-08-28,122.77405119152692
3.0,2021-08-29,119.44130626654899
4.0,2020-09-01,118.4476650563607
4.0,2020-09-02,118.18679549114331
4.0,2020-09-03,119.46859903381643
4.0,2020-09-04,123.38003220611917
4.0,2020-09-05,123.33333333333333
4.0,2020-09-06,119.12721417069243
4.0,2020-09-07,119.45893719806763
4.0,2020-09-08,119.85024154589372
4.0,2020-09-09,120.43478260869566
4.0,2020-09-10,121.10144927536231
4.0,2020-09-11,125.10305958132045
4.0,2020-09-12,125.29790660225443
4.0,2020-09-13,120.72463768115942
4.0,2020-09-14,120.27214170692432
4.0,2020-09-15,120.60547504025764
4.0,2020-09-16,120.90016103059581
4.0,2020-09-17,121.79227053140097
4.0,2020-09-18,126.13687600644123
4.0,2020-09-19,126.4315619967794
4.0,2020-09-20,121.53945249597423
4.0,2020-09-21,121.84057971014492
4.0,2020-09-22,122.05152979066023
4.0,2020-09-23,122.89371980676329
4.0,2020-09-24,122.94202898550725
4.0,2020-09-25,129.12077294685992
4.0,2020-09-26,129.57487922705315
4.0,2020-09-27,124.92592592592592
4.0,2020-09-28,122.71175523349436
4.0,2020-09-29,122.43639291465378
4.0,2020-09-30,122.07246376811594
4.0,2020-10-01,124.39452495974236
4.0,2020-10-02,127.50885668276973
4.0,2020-10-03,127.75040257648953
4.0,2020-10-04,124.27053140096618
4.0,2020-10-05,124.02254428341385
4.0,2020-10-06,124.21900161030595
4.0,2020-10-07,124.15136876006441
4.0,2020-10-08,124.69082125603865
4.0,2020-10-09,128.0660225442834
4.0,2020-10-10,128.14653784219
4.0,2020-10-11,124.4927536231884
4.0,2020-10-12,124.59098228663446
4.0,2020-10-13,124.85185185185185
4.0,2020-10-14,124.87761674718196
4.0,2020-10-15,125.20289855072464
4.0,2020-10-16,128.95652173913044
4.0,2020-10-17,128.88888888888889
4.0,2020-10-18,124.55394524959742
4.0,2020-10-19,124.58937198067633
4.0,2020-10-20,124.80032206119162
4.0,2020-10-21,125.08212560386474
4.0,2020-10-22,125.7536231884058
4.0,2020-10-23,128.94685990338164
4.0,2020-10-24,129.0112721417069
4.0,2020-10-25,124.85829307568439
4.0,2020-10-26,124.87600644122384
4.0,2020-10-27,125.01288244766505
4.0,2020-10-28,125.0354267310789
4.0,2020-10-29,125.43639291465378
4.0,2020-10-30,129.1159420289855
4.0,2020-10-31,129.43961352657004
4.0,2020-11-01,116.15136876006441
4.0,2020-11-02,115.92753623188406
4.0,2020-11-03,115.84219001610306
4.0,2020-11-04,115.81159420289855
4.0,2020-11-05,116.09661835748793
4.0,2020-11-06,119.7987117552335
4.0,2020-11-07,119.79710144927536
4.0,2020-11-08,115.84219001610306
4.0,2020-11-09,115.57971014492753
4.0,2020-11-10,115.67471819645732
4.0,2020-11-11,115.66183574879227
4.0,2020-11-12,115.88083735909822
4.0,2020-11-13,119.73913043478261
4.0,2020-11-14,119.69565217391305
4.0,2020-11-15,115.65700483091787
4.0,2020-11-16,115.3623188405797
4.0,2020-11-17,115.4975845410628
4.0,2020-11-18,115.50885668276973
4.0,2020-11-19,115.72624798711755
4.0,2020-11-20,119.46054750402577
4.0,2020-11-21,119.43639291465378
4.0,2020-11-22,115.53140096618357
4.0,2020-11-23,115.27375201288245
4.0,2020-11-24,115.43961352657004
4.0,2020-11-25,115.43639291465378
4.0,2020-11-26,115.76167471819646
4.0,2020-11-27,120.08695652173913
4.0,2020-11-28,120.21739130434783
4.0,2020-11-29,115.82125603864735
4.0,2020-11-30,115.77455716586151
4.0,2020-12-01,116.43800322061192
4.0,2020-12-02,116.44283413848632
4.0,2020-12-03,116.75684380032206
4.0,2020-12-04,121.42512077294685
4.0,2020-12-05,121.4315619967794
4.0,2020-12-06,116.79227053140097
4.0,2020-12-07,116.48953301127214
4.0,2020-12-08,116.55072463768116
4.0,2020-12-09,116.4669887278583
4.0,2020-12-10,116.82286634460547
4.0,2020-12-11,121.3913043478261
4.0,2020-12-12,121.41384863123993
4.0,2020-12-13,116.95008051529791
4.0,2020-12-14,116.66344605475041
4.0,2020-12-15,116.72463768115942
4.0,2020-12-16,116.85990338164251
4.0,2020-12-17,117.36392914653784
4.0,2020-12-18,121.88888888888889
4.0,2020-12-19,122.20933977455717
4.0,2020-12-20,117.84863123993559
4.0,2020-12-21,119.39774557165862
4.0,2020-12-22,120.56521739130434
4.0,2020-12-23,122.58937198067633
4.0,2020-12-24,123.80515297906602
4.0,2020-12-25,129.70692431561997
4.0,2020-12-26,131.3317230273752
4.0,2020-12-27,130.11272141706925
4.0,2020-12-28,133.975845410628
4.0,2020-12-29,140.35104669887278
4.0,2020-12-30,148.87761674718197
4.0,2020-12-31,152.91787439613526
4.0,2021-01-01,145.62479871175523
4.0,2021-01-02,139.69243156199678
4.0,2021-01-03,130.27375201288245
4.0,2021-01-04,123.02576489533011
4.0,2021-01-05,121.11433172302738
4.0,2021-01-06,120.15619967793882
4.0,2021-01-07,120.13526570048309
4.0,2021-01-08,123.89694041867955
4.0,2021-01-09,123.84219001610306
4.0,2021-01-10,119.68438003220612
4.0,2021-01-11,118.23349436392914
4.0,2021-01-12,118.18196457326893
4.0,2021-01-13,118.09500805152979
4.0,2021-01-14,119.26731078904992
4.0,2021-01-15,124.39613526570048
4.0,2021-01-16,124.38164251207729
4.0,2021-01-17,120.41545893719807
4.0,2021-01-18,120.49114331723027
4.0,2021-01-19,120.61513687600645
4.0,2021-01-20,120.60064412238326
4.0,2021-01-21,120.6779388083736
4.0,2021-01-22,124.42512077294685
4.0,2021-01-23,124.426731078905
4.0,2021-01-24,119.34782608695652
4.0,2021-01-25,119.12721417069243
4.0,2021-01-26,118.97906602254429
4.0,2021-01-27,118.85829307568439
4.0,2021-01-28,118.60547504025764
4.0,2021-01-29,122.60386473429952
4.0,2021-01-30,122.59903381642512
4.0,2021-01-31,118.26409017713365
4.0,2021-02-01,119.42351046698873
4.0,2021-02-02,123.13687600644123
4.0,2021-02-03,123.21578099838969
4.0,2021-02-04,123.26731078904992
4.0,2021-02-05,124.59581320450886
4.0,2021-02-06,124.53945249597423
4.0,2021-02-07,119.75684380032206
4.0,2021-02-08,119.11111111111111
4.0,2021-02-09,119.21739130434783
4.0,2021-02-10,121.43961352657004
4.0,2021-02-11,121.71014492753623
4.0,2021-02-12,125.0450885668277
4.0,2021-02-13,125.17713365539453
4.0,2021-02-14,121.24315619967794
4.0,2021-02-15,121.28985507246377
4.0,2021-02-16,121.35426731078906
4.0,2021-02-17,121.3719806763285
4.0,2021-02-18,120.98067632850241
4.0,2021-02-19,124.91143317230274
4.0,2021-02-20,124.87761674718196
4.0,2021-02-21,120.5877616747182
4.0,2021-02-22,118.96296296296296
4.0,2021-02-23,119.09339774557166
4.0,2021-02-24,119.02898550724638
4.0,2021-02-25,119.14653784219001
4.0,2021-02-26,123.12399355877616
4.0,2021-02-27,123.48148148148148
4.0,2021-02-28,119.35265700483092
4.0,2021-03-01,122.94524959742351
4.0,2021-03-02,122.47020933977456
4.0,2021-03-03,122.54589371980677
4.0,2021-03-04,122.68438003220612
4.0,2021-03-05,126.87117552334944
4.0,2021-03-06,126.97906602254429
4.0,2021-03-07,122.47987117552334
4.0,2021-03-08,122.69404186795491
4.0,2021-03-09,124.60708534621578
4.0,2021-03-10,125.78743961352657
4.0,2021-03-11,126.22383252818035
4.0,2021-03-12,128.28502415458937
4.0,2021-03-13,128.2463768115942
4.0,2021-03-14,123.12399355877616
4.0,2021-03-15,122.7487922705314
4.0,2021-03-16,120.10305958132045
4.0,2021-03-17,120.25442834138487
4.0,2021-03-18,120.32367149758454
4.0,2021-03-19,124.2512077294686
4.0,2021-03-20,124.33494363929147
4.0,2021-03-21,119.94685990338164
4.0,2021-03-22,120.05314009661836
4.0,2021-03-23,120.23349436392914
4.0,2021-03-24,120.27697262479872
4.0,2021-03-25,120.46537842190016
4.0,2021-03-26,124.5829307568438
4.0,2021-03-27,124.62640901771337
4.0,2021-03-28,120.22383252818035
4.0,2021-03-29,120.48148148148148
4.0,2021-03-30,120.74718196457327
4.0,2021-03-31,121.16425120772946
4.0,2021-04-01,122.68276972624798
4.0,2021-04-02,127.72302737520128
4.0,2021-04-03,127.99677938808374
4.0,2021-04-04,124.22705314009661
4.0,2021-04-05,121.69082125603865
4.0,2021-04-06,121.34460547504025
4.0,2021-04-07,121.43639291465378
4.0,2021-04-08,121.7584541062802
4.0,2021-04-09,126.92270531400966
4.0,2021-04-10,127.16264090177134
4.0,2021-04-11,122.57487922705315
4.0,2021-04-12,122.04669887278583
4.0,2021-04-13,122.06441223832527
4.0,2021-04-14,121.99033816425121
4.0,2021-04-15,122.11111111111111
4.0,2021-04-16,126.05636070853463
4.0,2021-04-17,126.09017713365539
4.0,2021-04-18,121.65539452495975
4.0,2021-04-19,121.77133655394525
4.0,2021-04-20,122.02093397745571
4.0,2021-04-21,122.1256038647343
4.0,2021-04-22,122.28019323671498
4.0,2021-04-23,126.2866344605475
4.0,2021-04-24,128.3011272141707
4.0,2021-04-25,125.20772946859903
4.0,2021-04-26,127.08856682769726
4.0,2021-04-27,127.83574879227054
4.0,2021-04-28,128.00161030595814
4.0,2021-04-29,127.72302737520128
4.0,2021-04-30,131.28180354267312
4.0,2021-05-01,130.0595813204509
4.0,2021-05-02,124.4524959742351
4.0,2021-05-03,124.35587761674718
4.0,2021-05-04,123.90982286634461
4.0,2021-05-05,123.92592592592592
4.0,2021-05-06,124.11272141706924
4.0,2021-05-07,128.66666666666666
4.0,2021-05-08,128.52979066022544
4.0,2021-05-09,123.58615136876007
4.0,2021-05-10,123.78260869565217
4.0,2021-05-11,124.00644122383252
4.0,2021-05-12,125.07085346215781
4.0,2021-05-13,126.68438003220612
4.0,2021-05-14,130.0563607085346
4.0,2021-05-15,130.10305958132045
4.0,2021-05-16,124.6328502415459
4.0,2021-05-17,124.23027375201288
4.0,2021-05-18,124.18196457326893
4.0,2021-05-19,124.34782608695652
4.0,2021-05-20,124.80676328502416
4.0,2021-05-21,130.28502415458937
4.0,2021-05-22,130.7536231884058
4.0,2021-05-23,125.6779388083736
4.0,2021-05-24,125.26086956521739
4.0,2021-05-25,124.64573268921094
4.0,2021-05-26,124.52979066022544
4.0,2021-05-27,124.70692431561997
4.0,2021-05-28,129.13848631239935
4.0,2021-05-29,129.51046698872787
4.0,2021-05-30,124.25442834138487
4.0,2021-05-31,124.42190016103059
4.0,2021-06-01,124.77294685990339
4.0,2021-06-02,124.69565217391305
4.0,2021-06-03,125.29307568438003
4.0,2021-06-04,129.8341384863124
4.0,2021-06-05,130.10628019323673
4.0,2021-06-06,124.30917874396135
4.0,2021-06-07,124.5330112721417
4.0,2021-06-08,124.74074074074075
4.0,2021-06-09,124.62157809983897
4.0,2021-06-10,124.87278582930757
4.0,2021-06-11,129.28019323671498
4.0,2021-06-12,129.43317230273752
4.0,2021-06-13,124.1207729468599
4.0,2021-06-14,124.426731078905
4.0,2021-06-15,124.72302737520128
4.0,2021-06-16,124.67149758454106
4.0,2021-06-17,124.82286634460547
4.0,2021-06-18,129.56038647342996
4.0,2021-06-19,129.72946859903382
4.0,2021-06-20,124.36876006441224
4.0,2021-06-21,125.00161030595814
4.0,2021-06-22,125.5072463768116
4.0,2021-06-23,125.22061191626409
4.0,2021-06-24,125.7181964573269
4.0,2021-06-25,130.68599033816426
4.0,2021-06-26,130.52173913043478
4.0,2021-06-27,124.9597423510467
4.0,2021-06-28,124.31561996779388
4.0,2021-06-29,124.5829307568438
4.0,2021-06-30,124.61674718196457
4.0,2021-07-01,124.84380032206118
4.0,2021-07-02,129.2769726247987
4.0,2021-07-03,128.9694041867955
4.0,2021-07-04,123.53140096618357
4.0,2021-07-05,123.64734299516908
4.0,2021-07-06,123.86795491143317
4.0,2021-07-07,124.36392914653784
4.0,2021-07-08,124.67471819645732
4.0,2021-07-09,129.80193236714976
4.0,2021-07-10,130.07407407407408
4.0,2021-07-11,124.3220611916264
4.0,2021-07-12,124.3220611916264
4.0,2021-07-13,124.42028985507247
4.0,2021-07-14,124.18679549114331
4.0,2021-07-15,124.52012882447666
4.0,2021-07-16,129.15780998389695
4.0,2021-07-17,129.17230273752014
4.0,2021-07-18,123.914653784219
4.0,2021-07-19,123.90982286634461
4.0,2021-07-20,124.16264090177134
4.0,2021-07-21,124.27858293075684
4.0,2021-07-22,124.42834138486312
4.0,2021-07-23,129.19001610305958
4.0,2021-07-24,128.98067632850243
4.0,2021-07-25,123.76811594202898
4.0,2021-07-26,123.70692431561997
4.0,2021-07-27,124.04991948470209
4.0,2021-07-28,124.1207729468599
4.0,2021-07-29,124.38325281803543
4.0,2021-07-30,128.9291465378422
4.0,2021-07-31,128.98228663446054
4.0,2021-08-01,123.88888888888889
4.0,2021-08-02,124.3268921095008
4.0,2021-08-03,124.62640901771337
4.0,2021-08-04,124.59420289855072
4.0,2021-08-05,124.98067632850241
4.0,2021-08-06,129.61996779388085
4.0,2021-08-07,129.805152979066
4.0,2021-08-08,124.25764895330113
4.0,2021-08-09,124.2512077294686
4.0,2021-08-10,124.40901771336554
4.0,2021-08-11,124.34460547504025
4.0,2021-08-12,124.72302737520128
4.0,2021-08-13,129.29307568438003
4.0,2021-08-14,129.5024154589372
4.0,2021-08-15,124.31400966183575
4.0,2021-08-16,124.38808373590982
4.0,2021-08-17,124.63607085346216
4.0,2021-08-18,124.81642512077295
4.0,2021-08-19,125.07729468599034
4.0,2021-08-20,129.50885668276973
4.0,2021-08-21,129.65217391304347
4.0,2021-08-22,124.42834138486312
4.0,2021-08-23,126.85668276972625
4.0,2021-08-24,127.01127214170693
4.0,2021-08-25,126.85024154589372
4.0,2021-08-26,127.03703703703704
4.0,2021-08-27,131.51046698872787
4.0,2021-08-28,131.6328502415459
4.0,2021-08-29,126.58132045088567
5.0,2020-09-01,120.8
5.0,2020-09-02,120.7265306122449
5.0,2020-09-03,122.88979591836734
5.0,2020-09-04,129.20408163265307
5.0,2020-09-05,129.4816326530612
5.0,2020-09-06,123.84081632653061
5.0,2020-09-07,121.50204081632653
5.0,2020-09-08,121.71020408163265
5.0,2020-09-09,121.84489795918367
5.0,2020-09-10,123.37142857142857
5.0,2020-09-11,129.64897959183673
5.0,2020-09-12,130.3673469387755
5.0,2020-09-13,124.11428571428571
5.0,2020-09-14,121.70612244897958
5.0,2020-09-15,122.72244897959183
5.0,2020-09-16,123.71020408163265
5.0,2020-09-17,124.56734693877551
5.0,2020-09-18,130.70612244897958
5.0,2020-09-19,131.13877551020408
5.0,2020-09-20,125.4
5.0,2020-09-21,124.94285714285714
5.0,2020-09-22,125.36326530612244
5.0,2020-09-23,125.71836734693878
5.0,2020-09-24,128.13469387755103
5.0,2020-09-25,136.24897959183673
5.0,2020-09-26,136.0734693877551
5.0,2020-09-27,129.16734693877552
5.0,2020-09-28,124.58367346938776
5.0,2020-09-29,124.59591836734694
5.0,2020-09-30,124.60816326530612
5.0,2020-10-01,132.70204081632653
5.0,2020-10-02,138.40408163265306
5.0,2020-10-03,139.4204081632653
5.0,2020-10-04,132.69795918367348
5.0,2020-10-05,131.08163265306123
5.0,2020-10-06,131.24081632653062
5.0,2020-10-07,131.26530612244898
5.0,2020-10-08,133.9918367346939
5.0,2020-10-09,138.77142857142857
5.0,2020-10-10,138.58775510204083
5.0,2020-10-11,132.84897959183672
5.0,2020-10-12,131.77142857142857
5.0,2020-10-13,132.2734693877551
5.0,2020-10-14,132.22448979591837
5.0,2020-10-15,134.15510204081633
5.0,2020-10-16,140.21632653061224
5.0,2020-10-17,140.30204081632652
5.0,2020-10-18,132.465306122449
5.0,2020-10-19,130.33877551020407
5.0,2020-10-20,131.0081632653061
5.0,2020-10-21,131.30204081632652
5.0,2020-10-22,133.62448979591838
5.0,2020-10-23,138.2
5.0,2020-10-24,138.4204081632653
5.0,2020-10-25,131.4816326530612
5.0,2020-10-26,130.13877551020408
5.0,2020-10-27,130.0448979591837
5.0,2020-10-28,130.75102040816327
5.0,2020-10-29,132.60408163265305
5.0,2020-10-30,136.83265306122448
5.0,2020-10-31,136.75102040816327
5.0,2020-11-01,126.90204081632653
5.0,2020-11-02,125.35918367346939
5.0,2020-11-03,125.3265306122449
5.0,2020-11-04,125.58367346938776
5.0,2020-11-05,127.57142857142857
5.0,2020-11-06,132.0448979591837
5.0,2020-11-07,131.9551020408163
5.0,2020-11-08,126.84897959183674
5.0,2020-11-09,125.23673469387755
5.0,2020-11-10,125.34693877551021
5.0,2020-11-11,125.49795918367347
5.0,2020-11-12,127.20816326530613
5.0,2020-11-13,131.65714285714284
5.0,2020-11-14,131.6204081632653
5.0,2020-11-15,126.94285714285714
5.0,2020-11-16,125.31836734693877
5.0,2020-11-17,125.46530612244898
5.0,2020-11-18,125.66122448979591
5.0,2020-11-19,127.2530612244898
5.0,2020-11-20,131.81224489795918
5.0,2020-11-21,131.6122448979592
5.0,2020-11-22,127.11428571428571
5.0,2020-11-23,125.20408163265306
5.0,2020-11-24,125.24897959183673
5.0,2020-11-25,125.37142857142857
5.0,2020-11-26,127.11020408163266
5.0,2020-11-27,131.51020408163265
5.0,2020-11-28,130.97142857142856
5.0,2020-11-29,126.60408163265306
5.0,2020-11-30,125.86530612244898
5.0,2020-12-01,127.49795918367347
5.0,2020-12-02,127.67755102040816
5.0,2020-12-03,129.0530612244898
5.0,2020-12-04,133.99591836734695
5.0,2020-12-05,133.5142857142857
5.0,2020-12-06,129.23265306122448
5.0,2020-12-07,128.31428571428572
5.0,2020-12-08,127.93061224489796
5.0,2020-12-09,127.97142857142858
5.0,2020-12-10,129.83673469387756
5.0,2020-12-11,134.4326530612245
5.0,2020-12-12,134.52244897959184
5.0,2020-12-13,129.22857142857143
5.0,2020-12-14,128.37142857142857
5.0,2020-12-15,129.15102040816328
5.0,2020-12-16,129.3795918367347
5.0,2020-12-17,130.55510204081634
5.0,2020-12-18,135.80816326530612
5.0,2020-12-19,136.4408163265306
5.0,2020-12-20,131.3795918367347
5.0,2020-12-21,131.73877551020408
5.0,2020-12-22,133.37551020408162
5.0,2020-12-23,138.9918367346939
5.0,2020-12-24,141.59591836734694
5.0,2020-12-25,147.31836734693877
5.0,2020-12-26,150.61632653061224
5.0,2020-12-27,147.4857142857143
5.0,2020-12-28,151.55102040816325
5.0,2020-12-29,166.60816326530613
5.0,2020-12-30,177.57551020408164
5.0,2020-12-31,180.86938775510205
5.0,2021-01-01,175.30612244897958
5.0,2021-01-02,167.83673469387756
5.0,2021-01-03,157.77142857142857
5.0,2021-01-04,141.4204081632653
5.0,2021-01-05,141.02448979591836
5.0,2021-01-06,138.81632653061226
5.0,2021-01-07,139.42857142857142
5.0,2021-01-08,144.16326530612244
5.0,2021-01-09,144.13877551020408
5.0,2021-01-10,138.80816326530612
5.0,2021-01-11,136.6326530612245
5.0,2021-01-12,136.77551020408163
5.0,2021-01-13,136.71428571428572
5.0,2021-01-14,138.93061224489796
5.0,2021-01-15,145.3265306122449
5.0,2021-01-16,145.30612244897958
5.0,2021-01-17,139.79591836734693
5.0,2021-01-18,139.25306122448978
5.0,2021-01-19,139.28163265306122
5.0,2021-01-20,139.40408163265306
5.0,2021-01-21,140.3795918367347
5.0,2021-01-22,145.11020408163265
5.0,2021-01-23,145.13877551020408
5.0,2021-01-24,139.4326530612245
5.0,2021-01-25,138.9591836734694
5.0,2021-01-26,138.54285714285714
5.0,2021-01-27,137.7265306122449
5.0,2021-01-28,137.35102040816327
5.0,2021-01-29,142.30204081632652
5.0,2021-01-30,142.32244897959183
5.0,2021-01-31,137.24081632653062
5.0,2021-02-01,140.5387755102041
5.0,2021-02-02,142.79591836734693
5.0,2021-02-03,143.13061224489795
5.0,2021-02-04,143.66938775510204
5.0,2021-02-05,146.74285714285713
5.0,2021-02-06,146.44489795918366
5.0,2021-02-07,141.42857142857142
5.0,2021-02-08,137.01632653061225
5.0,2021-02-09,137.40408163265306
5.0,2021-02-10,140.534693877551
5.0,2021-02-11,141.48979591836735
5.0,2021-02-12,146.26122448979592
5.0,2021-02-13,146.28163265306122
5.0,2021-02-14,141.24489795918367
5.0,2021-02-15,140.92244897959185
5.0,2021-02-16,140.99591836734695
5.0,2021-02-17,141.1265306122449
5.0,2021-02-18,141.45714285714286
5.0,2021-02-19,146.10204081632654
5.0,2021-02-20,146.25306122448978
5.0,2021-02-21,141.19591836734693
5.0,2021-02-22,138.20816326530613
5.0,2021-02-23,138.534693877551
5.0,2021-02-24,138.62857142857143
5.0,2021-02-25,139.1795918367347
5.0,2021-02-26,144.8204081632653
5.0,2021-02-27,145.4857142857143
5.0,2021-02-28,140.21224489795918
5.0,2021-03-01,142.98367346938775
5.0,2021-03-02,140.03673469387755
5.0,2021-03-03,140.17551020408163
5.0,2021-03-04,140.31428571428572
5.0,2021-03-05,145.5061224489796
5.0,2021-03-06,145.47755102040816
5.0,2021-03-07,140.22040816326532
5.0,2021-03-08,140.32244897959183
5.0,2021-03-09,141.62857142857143
5.0,2021-03-10,143.3265306122449
5.0,2021-03-11,143.84897959183672
5.0,2021-03-12,147.78367346938776
5.0,2021-03-13,147.26938775510203
5.0,2021-03-14,141.76326530612246
5.0,2021-03-15,140.18367346938774
5.0,2021-03-16,136.86530612244897
5.0,2021-03-17,136.94285714285715
5.0,2021-03-18,137.23673469387754
5.0,2021-03-19,142.26938775510203
5.0,2021-03-20,142.465306122449
5.0,2021-03-21,136.86530612244897
5.0,2021-03-22,136.90204081632652
5.0,2021-03-23,137.15102040816328
5.0,2021-03-24,137.2
5.0,2021-03-25,137.71020408163264
5.0,2021-03-26,142.67755102040817
5.0,2021-03-27,142.71836734693878
5.0,2021-03-28,137.83673469387756
5.0,2021-03-29,137.80408163265307
5.0,2021-03-30,138.10204081632654
5.0,2021-03-31,138.33061224489796
5.0,2021-04-01,139.35918367346937
5.0,2021-04-02,144.2
5.0,2021-04-03,144.77551020408163
5.0,2021-04-04,140.13469387755103
5.0,2021-04-05,138.74693877551022
5.0,2021-04-06,138.51020408163265
5.0,2021-04-07,138.70612244897958
5.0,2021-04-08,138.87755102040816
5.0,2021-04-09,144.0938775510204
5.0,2021-04-10,144.44489795918366
5.0,2021-04-11,139.06938775510204
5.0,2021-04-12,138.70204081632653
5.0,2021-04-13,139.01632653061225
5.0,2021-04-14,139.09795918367348
5.0,2021-04-15,139.15510204081633
5.0,2021-04-16,144.58367346938775
5.0,2021-04-17,144.6530612244898
5.0,2021-04-18,139.48979591836735
5.0,2021-04-19,139.39591836734695
5.0,2021-04-20,139.07755102040815
5.0,2021-04-21,139.22040816326532
5.0,2021-04-22,139.50204081632654
5.0,2021-04-23,144.47755102040816
5.0,2021-04-24,149.28979591836736
5.0,2021-04-25,144.2734693877551
5.0,2021-04-26,145.42448979591836
5.0,2021-04-27,146.40408163265306
5.0,2021-04-28,147.33469387755102
5.0,2021-04-29,146.94285714285715
5.0,2021-04-30,151.15102040816328
5.0,2021-05-01,149.78775510204082
5.0,2021-05-02,143.79591836734693
5.0,2021-05-03,140.84489795918367
5.0,2021-05-04,140.67755102040817
5.0,2021-05-05,140.70612244897958
5.0,2021-05-06,141.0081632653061
5.0,2021-05-07,146.0204081632653
5.0,2021-05-08,146.2734693877551
5.0,2021-05-09,140.6530612244898
5.0,2021-05-10,140.6530612244898
5.0,2021-05-11,140.5673469387755
5.0,2021-05-12,141.534693877551
5.0,2021-05-13,143.08979591836734
5.0,2021-05-14,147.0122448979592
5.0,2021-05-15,147.34285714285716
5.0,2021-05-16,141.15102040816328
5.0,2021-05-17,141.4408163265306
5.0,2021-05-18,141.6530612244898
5.0,2021-05-19,142.0081632653061
5.0,2021-05-20,142.29387755102042
5.0,2021-05-21,148.63673469387754
5.0,2021-05-22,150.13061224489795
5.0,2021-05-23,144.39591836734695
5.0,2021-05-24,142.68979591836734
5.0,2021-05-25,141.5387755102041
5.0,2021-05-26,141.53061224489795
5.0,2021-05-27,141.82448979591837
5.0,2021-05-28,147.5795918367347
5.0,2021-05-29,148.29387755102042
5.0,2021-05-30,142.31020408163266
5.0,2021-05-31,142.33469387755102
5.0,2021-06-01,142.85714285714286
5.0,2021-06-02,143.20408163265307
5.0,2021-06-03,143.88163265306122
5.0,2021-06-04,149.42448979591836
5.0,2021-06-05,150.17142857142858
5.0,2021-06-06,143.73061224489797
5.0,2021-06-07,143.11836734693878
5.0,2021-06-08,142.4938775510204
5.0,2021-06-09,142.58775510204083
5.0,2021-06-10,142.75510204081633
5.0,2021-06-11,147.73877551020408
5.0,2021-06-12,148.17551020408163
5.0,2021-06-13,142.48979591836735
5.0,2021-06-14,142.33877551020407
5.0,2021-06-15,142.5183673469388
5.0,2021-06-16,142.57142857142858
5.0,2021-06-17,142.74693877551022
5.0,2021-06-18,147.81224489795918
5.0,2021-06-19,148.27755102040817
5.0,2021-06-20,142.45714285714286
5.0,2021-06-21,142.11836734693878
5.0,2021-06-22,142.465306122449
5.0,2021-06-23,142.3469387755102
5.0,2021-06-24,142.82448979591837
5.0,2021-06-25,147.88979591836735
5.0,2021-06-26,147.6122448979592
5.0,2021-06-27,141.43673469387755
5.0,2021-06-28,141.20816326530613
5.0,2021-06-29,141.5795918367347
5.0,2021-06-30,141.57551020408164
5.0,2021-07-01,142.0081632653061
5.0,2021-07-02,147.01632653061225
5.0,2021-07-03,146.87755102040816
5.0,2021-07-04,140.91020408163266
5.0,2021-07-05,141.11836734693878
5.0,2021-07-06,141.4612244897959
5.0,2021-07-07,144.65714285714284
5.0,2021-07-08,145.41632653061225
5.0,2021-07-09,151.63673469387754
5.0,2021-07-10,151.75510204081633
5.0,2021-07-11,144.97142857142856
5.0,2021-07-12,142.08163265306123
5.0,2021-07-13,141.86530612244897
5.0,2021-07-14,142.18775510204082
5.0,2021-07-15,142.11836734693878
5.0,2021-07-16,147.11428571428573
5.0,2021-07-17,147.4734693877551
5.0,2021-07-18,142.18775510204082
5.0,2021-07-19,141.56326530612245
5.0,2021-07-20,141.85714285714286
5.0,2021-07-21,142.88163265306122
5.0,2021-07-22,143.07755102040815
5.0,2021-07-23,148.4204081632653
5.0,2021-07-24,148.64489795918368
5.0,2021-07-25,142.58367346938775
5.0,2021-07-26,141.5387755102041
5.0,2021-07-27,141.84489795918367
5.0,2021-07-28,141.9142857142857
5.0,2021-07-29,142.07755102040815
5.0,2021-07-30,147.06938775510204
5.0,2021-07-31,147.35510204081632
5.0,2021-08-01,142.73061224489797
5.0,2021-08-02,142.76326530612246
5.0,2021-08-03,142.88163265306122
5.0,2021-08-04,143.31836734693877
5.0,2021-08-05,143.4816326530612
5.0,2021-08-06,148.4408163265306
5.0,2021-08-07,148.49795918367346
5.0,2021-08-08,142.73061224489797
5.0,2021-08-09,142.77959183673468
5.0,2021-08-10,142.83673469387756
5.0,2021-08-11,142.8530612244898
5.0,2021-08-12,143.53061224489795
5.0,2021-08-13,148.065306122449
5.0,2021-08-14,148.35510204081632
5.0,2021-08-15,140.47755102040816
5.0,2021-08-16,139.9469387755102
5.0,2021-08-17,140.20816326530613
5.0,2021-08-18,140.30204081632652
5.0,2021-08-19,140.55510204081634
5.0,2021-08-20,145.9551020408163
5.0,2021-08-21,147.81224489795918
5.0,2021-08-22,142.02448979591836
5.0,2021-08-23,141.70204081632653
5.0,2021-08-24,141.83265306122448
5.0,2021-08-25,142.19591836734693
5.0,2021-08-26,142.44897959183675
5.0,2021-08-27,147.4326530612245
5.0,2021-08-28,147.4326530612245
5.0,2021-08-29,141.5795918367347
6.0,2020-09-01,122.20967741935483
6.0,2020-09-02,122.44623655913979
6.0,2020-09-03,125.96236559139786
6.0,2020-09-04,131.9516129032258
6.0,2020-09-05,132.20430107526883
6.0,2020-09-06,124.94086021505376
6.0,2020-09-07,119.61290322580645
6.0,2020-09-08,120.24731182795699
6.0,2020-09-09,124.45698924731182
6.0,2020-09-10,127.60752688172043
6.0,2020-09-11,136.3709677419355
6.0,2020-09-12,136.32258064516128
6.0,2020-09-13,126.52688172043011
6.0,2020-09-14,125.8763440860215
6.0,2020-09-15,125.8763440860215
6.0,2020-09-16,127.33870967741936
6.0,2020-09-17,130.08602150537635
6.0,2020-09-18,139.6720430107527
6.0,2020-09-19,139.38172043010752
6.0,2020-09-20,130.44623655913978
6.0,2020-09-21,130.19354838709677
6.0,2020-09-22,130.83870967741936
6.0,2020-09-23,131.56451612903226
6.0,2020-09-24,136.69892473118279
6.0,2020-09-25,147.6021505376344
6.0,2020-09-26,148.77956989247312
6.0,2020-09-27,137.51612903225808
6.0,2020-09-28,131.70430107526883
6.0,2020-09-29,130.58064516129033
6.0,2020-09-30,130.5268817204301
6.0,2020-10-01,135.31720430107526
6.0,2020-10-02,143.08602150537635
6.0,2020-10-03,143.55913978494624
6.0,2020-10-04,134.8709677419355
6.0,2020-10-05,135.4731182795699
6.0,2020-10-06,136.11290322580646
6.0,2020-10-07,136.1451612903226
6.0,2020-10-08,138.73655913978496
6.0,2020-10-09,145.50537634408602
6.0,2020-10-10,146.06451612903226
6.0,2020-10-11,137.91935483870967
6.0,2020-10-12,135.49462365591398
6.0,2020-10-13,135.40322580645162
6.0,2020-10-14,135.49462365591398
6.0,2020-10-15,138.252688172043
6.0,2020-10-16,145.51075268817203
6.0,2020-10-17,144.70967741935485
6.0,2020-10-18,137.75806451612902
6.0,2020-10-19,134.3763440860215
6.0,2020-10-20,134.752688172043
6.0,2020-10-21,134.77956989247312
6.0,2020-10-22,137.91935483870967
6.0,2020-10-23,144.81720430107526
6.0,2020-10-24,144.91935483870967
6.0,2020-10-25,137.8763440860215
6.0,2020-10-26,134.81182795698925
6.0,2020-10-27,135.1236559139785
6.0,2020-10-28,135.5215053763441
6.0,2020-10-29,137.86021505376345
6.0,2020-10-30,146.1021505376344
6.0,2020-10-31,146.27956989247312
6.0,2020-11-01,135.13440860215053
6.0,2020-11-02,131.13440860215053
6.0,2020-11-03,130.96774193548387
6.0,2020-11-04,130.8494623655914
6.0,2020-11-05,133.04301075268816
6.0,2020-11-06,143.58602150537635
6.0,2020-11-07,144.18279569892474
6.0,2020-11-08,135.08064516129033
6.0,2020-11-09,130.98387096774192
6.0,2020-11-10,131.41935483870967
6.0,2020-11-11,131.25806451612902
6.0,2020-11-12,133.3548387096774
6.0,2020-11-13,143.25806451612902
6.0,2020-11-14,143.39247311827958
6.0,2020-11-15,135.03225806451613
6.0,2020-11-16,130.50537634408602
6.0,2020-11-17,130.76344086021504
6.0,2020-11-18,130.81720430107526
6.0,2020-11-19,132.55913978494624
6.0,2020-11-20,143.34408602150538
6.0,2020-11-21,143.30107526881721
6.0,2020-11-22,134.7688172043011
6.0,2020-11-23,130.43010752688173
6.0,2020-11-24,130.6720430107527
6.0,2020-11-25,130.4784946236559
6.0,2020-11-26,132.6236559139785
6.0,2020-11-27,143.19354838709677
6.0,2020-11-28,143.10752688172042
6.0,2020-11-29,134.79032258064515
6.0,2020-11-30,132.19892473118279
6.0,2020-12-01,131.0
6.0,2020-12-02,131.06989247311827
6.0,2020-12-03,132.73655913978496
6.0,2020-12-04,142.56451612903226
6.0,2020-12-05,142.32258064516128
6.0,2020-12-06,134.48924731182797
6.0,2020-12-07,130.9784946236559
6.0,2020-12-08,131.56451612903226
6.0,2020-12-09,131.59139784946237
6.0,2020-12-10,133.46774193548387
6.0,2020-12-11,142.81182795698925
6.0,2020-12-12,142.7258064516129
6.0,2020-12-13,135.04301075268816
6.0,2020-12-14,131.66666666666666
6.0,2020-12-15,131.50537634408602
6.0,2020-12-16,131.6290322580645
6.0,2020-12-17,133.63440860215053
6.0,2020-12-18,143.90322580645162
6.0,2020-12-19,144.53763440860214
6.0,2020-12-20,136.29569892473117
6.0,2020-12-21,137.25806451612902
6.0,2020-12-22,138.6290322580645
6.0,2020-12-23,142.36021505376345
6.0,2020-12-24,148.09677419354838
6.0,2020-12-25,156.38709677419354
6.0,2020-12-26,157.18817204301075
6.0,2020-12-27,151.59139784946237
6.0,2020-12-28,156.2688172043011
6.0,2020-12-29,167.8763440860215
6.0,2020-12-30,181.11827956989248
6.0,2020-12-31,189.79032258064515
6.0,2021-01-01,177.48387096774192
6.0,2021-01-02,174.3978494623656
6.0,2021-01-03,160.75806451612902
6.0,2021-01-04,139.08064516129033
6.0,2021-01-05,139.39247311827958
6.0,2021-01-06,137.74193548387098
6.0,2021-01-07,138.98387096774192
6.0,2021-01-08,147.90322580645162
6.0,2021-01-09,148.18817204301075
6.0,2021-01-10,138.3763440860215
6.0,2021-01-11,136.79569892473117
6.0,2021-01-12,137.23655913978496
6.0,2021-01-13,137.252688172043
6.0,2021-01-14,141.03763440860214
6.0,2021-01-15,150.86559139784947
6.0,2021-01-16,151.1505376344086
6.0,2021-01-17,141.44623655913978
6.0,2021-01-18,139.86559139784947
6.0,2021-01-19,140.08602150537635
6.0,2021-01-20,140.08602150537635
6.0,2021-01-21,141.29569892473117
6.0,2021-01-22,150.70430107526883
6.0,2021-01-23,150.4247311827957
6.0,2021-01-24,140.69354838709677
6.0,2021-01-25,139.59677419354838
6.0,2021-01-26,139.8279569892473
6.0,2021-01-27,139.10752688172042
6.0,2021-01-28,138.90860215053763
6.0,2021-01-29,148.08602150537635
6.0,2021-01-30,148.28494623655914
6.0,2021-01-31,138.747311827957
6.0,2021-02-01,137.4247311827957
6.0,2021-02-02,140.2688172043011
6.0,2021-02-03,140.80107526881721
6.0,2021-02-04,141.5483870967742
6.0,2021-02-05,150.61827956989248
6.0,2021-02-06,150.3709677419355
6.0,2021-02-07,139.40322580645162
6.0,2021-02-08,135.1451612903226
6.0,2021-02-09,135.61827956989248
6.0,2021-02-10,135.6021505376344
6.0,2021-02-11,136.4247311827957
6.0,2021-02-12,145.7258064516129
6.0,2021-02-13,145.69892473118279
6.0,2021-02-14,136.43010752688173
6.0,2021-02-15,135.67741935483872
6.0,2021-02-16,136.06451612903226
6.0,2021-02-17,135.61827956989248
6.0,2021-02-18,136.2741935483871
6.0,2021-02-19,145.53763440860214
6.0,2021-02-20,145.88172043010752
6.0,2021-02-21,136.58602150537635
6.0,2021-02-22,136.25806451612902
6.0,2021-02-23,136.59677419354838
6.0,2021-02-24,136.48924731182797
6.0,2021-02-25,137.33870967741936
6.0,2021-02-26,146.3978494623656
6.0,2021-02-27,146.76344086021504
6.0,2021-02-28,137.53763440860214
6.0,2021-03-01,145.40860215053763
6.0,2021-03-02,141.44623655913978
6.0,2021-03-03,141.19892473118279
6.0,2021-03-04,141.5483870967742
6.0,2021-03-05,151.1505376344086
6.0,2021-03-06,150.80645161290323
6.0,2021-03-07,141.88172043010752
6.0,2021-03-08,142.29569892473117
6.0,2021-03-09,142.98387096774192
6.0,2021-03-10,143.60752688172042
6.0,2021-03-11,144.63978494623655
6.0,2021-03-12,151.94086021505376
6.0,2021-03-13,152.0
6.0,2021-03-14,142.63440860215053
6.0,2021-03-15,141.58064516129033
6.0,2021-03-16,134.9516129032258
6.0,2021-03-17,134.71505376344086
6.0,2021-03-18,135.75806451612902
6.0,2021-03-19,144.3279569892473
6.0,2021-03-20,144.38172043010752
6.0,2021-03-21,135.20430107526883
6.0,2021-03-22,134.83333333333334
6.0,2021-03-23,135.59677419354838
6.0,2021-03-24,135.29032258064515
6.0,2021-03-25,136.19892473118279
6.0,2021-03-26,144.0268817204301
6.0,2021-03-27,145.15591397849462
6.0,2021-03-28,135.90860215053763
6.0,2021-03-29,135.79569892473117
6.0,2021-03-30,136.747311827957
6.0,2021-03-31,136.38709677419354
6.0,2021-04-01,137.9731182795699
6.0,2021-04-02,147.31182795698925
6.0,2021-04-03,149.44623655913978
6.0,2021-04-04,139.13978494623655
6.0,2021-04-05,138.04301075268816
6.0,2021-04-06,137.9731182795699
6.0,2021-04-07,137.5483870967742
6.0,2021-04-08,138.18817204301075
6.0,2021-04-09,147.93548387096774
6.0,2021-04-10,148.32258064516128
6.0,2021-04-11,138.0215053763441
6.0,2021-04-12,137.91397849462365
6.0,2021-04-13,137.86559139784947
6.0,2021-04-14,137.90860215053763
6.0,2021-04-15,138.18817204301075
6.0,2021-04-16,147.0483870967742
6.0,2021-04-17,147.91397849462365
6.0,2021-04-18,138.31720430107526
6.0,2021-04-19,139.04301075268816
6.0,2021-04-20,139.79032258064515
6.0,2021-04-21,140.0752688172043
6.0,2021-04-22,140.41397849462365
6.0,2021-04-23,149.747311827957
6.0,2021-04-24,159.16129032258064
6.0,2021-04-25,149.1290322580645
6.0,2021-04-26,151.09139784946237
6.0,2021-04-27,153.3763440860215
6.0,2021-04-28,153.9247311827957
6.0,2021-04-29,154.5752688172043
6.0,2021-04-30,161.59139784946237
6.0,2021-05-01,155.54301075268816
6.0,2021-05-02,143.6451612903226
6.0,2021-05-03,139.4731182795699
6.0,2021-05-04,139.3548387096774
6.0,2021-05-05,139.38709677419354
6.0,2021-05-06,140.22043010752688
6.0,2021-05-07,150.10752688172042
6.0,2021-05-08,150.7311827956989
6.0,2021-05-09,139.7741935483871
6.0,2021-05-10,140.65591397849462
6.0,2021-05-11,140.90860215053763
6.0,2021-05-12,140.90860215053763
6.0,2021-05-13,143.1505376344086
6.0,2021-05-14,151.8763440860215
6.0,2021-05-15,152.3494623655914
6.0,2021-05-16,140.69892473118279
6.0,2021-05-17,140.93010752688173
6.0,2021-05-18,141.08602150537635
6.0,2021-05-19,141.19354838709677
6.0,2021-05-20,141.65591397849462
6.0,2021-05-21,154.0483870967742
6.0,2021-05-22,156.93548387096774
6.0,2021-05-23,144.5752688172043
6.0,2021-05-24,143.04301075268816
6.0,2021-05-25,141.98387096774192
6.0,2021-05-26,141.56451612903226
6.0,2021-05-27,142.41397849462365
6.0,2021-05-28,154.1236559139785
6.0,2021-05-29,155.70967741935485
6.0,2021-05-30,142.46236559139786
6.0,2021-05-31,143.4247311827957
6.0,2021-06-01,143.13440860215053
6.0,2021-06-02,143.50537634408602
6.0,2021-06-03,143.30645161290323
6.0,2021-06-04,154.70967741935485
6.0,2021-06-05,156.17741935483872
6.0,2021-06-06,143.49462365591398
6.0,2021-06-07,142.80107526881721
6.0,2021-06-08,142.5
6.0,2021-06-09,142.58602150537635
6.0,2021-06-10,143.4516129032258
6.0,2021-06-11,153.4784946236559
6.0,2021-06-12,153.88172043010752
6.0,2021-06-13,141.81182795698925
6.0,2021-06-14,142.06989247311827
6.0,2021-06-15,142.7258064516129
6.0,2021-06-16,142.40860215053763
6.0,2021-06-17,143.43010752688173
6.0,2021-06-18,153.01075268817203
6.0,2021-06-19,153.75806451612902
6.0,2021-06-20,142.5752688172043
6.0,2021-06-21,142.6021505376344
6.0,2021-06-22,143.20967741935485
6.0,2021-06-23,142.90860215053763
6.0,2021-06-24,143.4516129032258
6.0,2021-06-25,156.41397849462365
6.0,2021-06-26,157.09677419354838
6.0,2021-06-27,144.08064516129033
6.0,2021-06-28,142.11827956989248
6.0,2021-06-29,142.73655913978496
6.0,2021-06-30,142.747311827957
6.0,2021-07-01,142.66129032258064
6.0,2021-07-02,151.91935483870967
6.0,2021-07-03,152.84408602150538
6.0,2021-07-04,142.08064516129033
6.0,2021-07-05,142.7741935483871
6.0,2021-07-06,143.23655913978496
6.0,2021-07-07,144.96774193548387
6.0,2021-07-08,145.4784946236559
6.0,2021-07-09,157.30107526881721
6.0,2021-07-10,157.80107526881721
6.0,2021-07-11,145.2741935483871
6.0,2021-07-12,143.3763440860215
6.0,2021-07-13,143.2741935483871
6.0,2021-07-14,143.27956989247312
6.0,2021-07-15,143.63440860215053
6.0,2021-07-16,153.58602150537635
6.0,2021-07-17,153.55913978494624
6.0,2021-07-18,142.24193548387098
6.0,2021-07-19,142.6021505376344
6.0,2021-07-20,143.06451612903226
6.0,2021-07-21,143.94623655913978
6.0,2021-07-22,145.09677419354838
6.0,2021-07-23,155.8494623655914
6.0,2021-07-24,156.13978494623655
6.0,2021-07-25,143.747311827957
6.0,2021-07-26,143.27956989247312
6.0,2021-07-27,142.93548387096774
6.0,2021-07-28,142.94623655913978
6.0,2021-07-29,143.2741935483871
6.0,2021-07-30,153.13440860215053
6.0,2021-07-31,153.76344086021504
6.0,2021-08-01,142.01075268817203
6.0,2021-08-02,142.2311827956989
6.0,2021-08-03,143.22043010752688
6.0,2021-08-04,143.2258064516129
6.0,2021-08-05,143.9516129032258
6.0,2021-08-06,153.53763440860214
6.0,2021-08-07,154.68817204301075
6.0,2021-08-08,142.41935483870967
6.0,2021-08-09,142.86021505376345
6.0,2021-08-10,143.24193548387098
6.0,2021-08-11,143.04301075268816
6.0,2021-08-12,143.83870967741936
6.0,2021-08-13,153.08602150537635
6.0,2021-08-14,153.3763440860215
6.0,2021-08-15,141.61827956989248
6.0,2021-08-16,141.66666666666666
6.0,2021-08-17,142.09677419354838
6.0,2021-08-18,142.1236559139785
6.0,2021-08-19,142.79032258064515
6.0,2021-08-20,152.45698924731184
6.0,2021-08-21,154.98387096774192
6.0,2021-08-22,143.77956989247312
6.0,2021-08-23,144.4516129032258
6.0,2021-08-24,143.0483870967742
6.0,2021-08-25,143.0268817204301
6.0,2021-08-26,143.31720430107526
6.0,2021-08-27,152.3978494623656
6.0,2021-08-28,152.6505376344086
6.0,2021-08-29,142.45698924731184
7+,2020-09-01,189.36206896551724
7+,2020-09-02,190.13793103448276
7+,2020-09-03,196.40804597701148
7+,2020-09-04,220.17816091954023
7+,2020-09-05,222.5977011494253
7+,2020-09-06,207.6551724137931
7+,2020-09-07,193.82758620689654
7+,2020-09-08,193.683908045977
7+,2020-09-09,193.2528735632184
7+,2020-09-10,196.9367816091954
7+,2020-09-11,212.6264367816092
7+,2020-09-12,209.51724137931035
7+,2020-09-13,197.10344827586206
7+,2020-09-14,193.17816091954023
7+,2020-09-15,193.01724137931035
7+,2020-09-16,193.22413793103448
7+,2020-09-17,196.70689655172413
7+,2020-09-18,213.88505747126436
7+,2020-09-19,214.55172413793105
7+,2020-09-20,199.82183908045977
7+,2020-09-21,198.73563218390805
7+,2020-09-22,198.13793103448276
7+,2020-09-23,198.3505747126437
7+,2020-09-24,217.36206896551724
7+,2020-09-25,236.10919540229884
7+,2020-09-26,236.82758620689654
7+,2020-09-27,204.91379310344828
7+,2020-09-28,199.88505747126436
7+,2020-09-29,195.91954022988506
7+,2020-09-30,196.9022988505747
7+,2020-10-01,206.40804597701148
7+,2020-10-02,222.70689655172413
7+,2020-10-03,223.04022988505747
7+,2020-10-04,207.58620689655172
7+,2020-10-05,200.01149425287358
7+,2020-10-06,203.94252873563218
7+,2020-10-07,203.61494252873564
7+,2020-10-08,206.632183908046
7+,2020-10-09,219.1206896551724
7+,2020-10-10,220.91379310344828
7+,2020-10-11,206.72988505747125
7+,2020-10-12,201.73563218390805
7+,2020-10-13,201.3448275862069
7+,2020-10-14,202.3793103448276
7+,2020-10-15,206.86206896551724
7+,2020-10-16,222.18965517241378
7+,2020-10-17,222.09195402298852
7+,2020-10-18,206.97701149425288
7+,2020-10-19,200.0977011494253
7+,2020-10-20,200.20689655172413
7+,2020-10-21,200.11494252873564
7+,2020-10-22,206.74137931034483
7+,2020-10-23,221.0977011494253
7+,2020-10-24,231.9712643678161
7+,2020-10-25,217.77011494252875
7+,2020-10-26,211.80459770114942
7+,2020-10-27,211.867816091954
7+,2020-10-28,211.72988505747125
7+,2020-10-29,204.3793103448276
7+,2020-10-30,219.16091954022988
7+,2020-10-31,219.16666666666666
7+,2020-11-01,199.56896551724137
7+,2020-11-02,194.01724137931035
7+,2020-11-03,194.132183908046
7+,2020-11-04,194.17816091954023
7+,2020-11-05,198.8505747126437
7+,2020-11-06,212.77011494252875
7+,2020-11-07,213.14367816091954
7+,2020-11-08,199.93103448275863
7+,2020-11-09,193.90804597701148
7+,2020-11-10,193.90804597701148
7+,2020-11-11,193.8448275862069
7+,2020-11-12,198.90804597701148
7+,2020-11-13,212.8793103448276
7+,2020-11-14,212.3735632183908
7+,2020-11-15,199.32758620689654
7+,2020-11-16,193.7528735632184
7+,2020-11-17,193.41954022988506
7+,2020-11-18,193.3735632183908
7+,2020-11-19,198.08045977011494
7+,2020-11-20,212.00574712643677
7+,2020-11-21,211.98275862068965
7+,2020-11-22,198.68965517241378
7+,2020-11-23,193.49425287356323
7+,2020-11-24,193.6264367816092
7+,2020-11-25,194.5344827586207
7+,2020-11-26,199.63793103448276
7+,2020-11-27,214.77586206896552
7+,2020-11-28,214.47701149425288
7+,2020-11-29,198.41954022988506
7+,2020-11-30,193.88505747126436
7+,2020-12-01,195.17241379310346
7+,2020-12-02,195.367816091954
7+,2020-12-03,200.1206896551724
7+,2020-12-04,216.20689655172413
7+,2020-12-05,216.42528735632183
7+,2020-12-06,200.20689655172413
7+,2020-12-07,195.52298850574712
7+,2020-12-08,195.49425287356323
7+,2020-12-09,195.52298850574712
7+,2020-12-10,200.08045977011494
7+,2020-12-11,216.4712643678161
7+,2020-12-12,216.48275862068965
7+,2020-12-13,201.48275862068965
7+,2020-12-14,196.52298850574712
7+,2020-12-15,196.79885057471265
7+,2020-12-16,197.04022988505747
7+,2020-12-17,201.80459770114942
7+,2020-12-18,217.32183908045977
7+,2020-12-19,218.09195402298852
7+,2020-12-20,204.9367816091954
7+,2020-12-21,206.32758620689654
7+,2020-12-22,207.22413793103448
7+,2020-12-23,214.58045977011494
7+,2020-12-24,223.77011494252875
7+,2020-12-25,240.49425287356323
7+,2020-12-26,240.69540229885058
7+,2020-12-27,225.09195402298852
7+,2020-12-28,238.0632183908046
7+,2020-12-29,272.07471264367814
7+,2020-12-30,310.2931034482759
7+,2020-12-31,324.86206896551727
7+,2021-01-01,301.88505747126436
7+,2021-01-02,287.57471264367814
7+,2021-01-03,250.30459770114942
7+,2021-01-04,226.41954022988506
7+,2021-01-05,221.2471264367816
7+,2021-01-06,219.27586206896552
7+,2021-01-07,219.52298850574712
7+,2021-01-08,232.29885057471265
7+,2021-01-09,231.72413793103448
7+,2021-01-10,218.8735632183908
7+,2021-01-11,216.74137931034483
7+,2021-01-12,216.94252873563218
7+,2021-01-13,216.05747126436782
7+,2021-01-14,220.8735632183908
7+,2021-01-15,235.78735632183907
7+,2021-01-16,236.0
7+,2021-01-17,223.11494252873564
7+,2021-01-18,221.36206896551724
7+,2021-01-19,221.4367816091954
7+,2021-01-20,221.22413793103448
7+,2021-01-21,222.82183908045977
7+,2021-01-22,235.01724137931035
7+,2021-01-23,234.9367816091954
7+,2021-01-24,223.33908045977012
7+,2021-01-25,219.4655172413793
7+,2021-01-26,219.5977011494253
7+,2021-01-27,218.75862068965517
7+,2021-01-28,217.95977011494253
7+,2021-01-29,230.01149425287358
7+,2021-01-30,231.6494252873563
7+,2021-01-31,220.72988505747125
7+,2021-02-01,222.28735632183907
7+,2021-02-02,224.1206896551724
7+,2021-02-03,222.9022988505747
7+,2021-02-04,228.94827586206895
7+,2021-02-05,238.7528735632184
7+,2021-02-06,239.3505747126437
7+,2021-02-07,223.74137931034483
7+,2021-02-08,217.94827586206895
7+,2021-02-09,217.4022988505747
7+,2021-02-10,217.6494252873563
7+,2021-02-11,219.8448275862069
7+,2021-02-12,234.29310344827587
7+,2021-02-13,234.48275862068965
7+,2021-02-14,221.58620689655172
7+,2021-02-15,218.32183908045977
7+,2021-02-16,217.54022988505747
7+,2021-02-17,218.66666666666666
7+,2021-02-18,220.9367816091954
7+,2021-02-19,232.94827586206895
7+,2021-02-20,233.33333333333334
7+,2021-02-21,219.816091954023
7+,2021-02-22,217.6494252873563
7+,2021-02-23,217.69540229885058
7+,2021-02-24,217.74137931034483
7+,2021-02-25,219.92528735632183
7+,2021-02-26,232.06896551724137
7+,2021-02-27,232.33908045977012
7+,2021-02-28,220.316091954023
7+,2021-03-01,223.39080459770116
7+,2021-03-02,212.71264367816093
7+,2021-03-03,212.8505747126437
7+,2021-03-04,213.2528735632184
7+,2021-03-05,226.73563218390805
7+,2021-03-06,226.44252873563218
7+,2021-03-07,213.08620689655172
7+,2021-03-08,214.19540229885058
7+,2021-03-09,218.58620689655172
7+,2021-03-10,220.00574712643677
7+,2021-03-11,220.367816091954
7+,2021-03-12,231.4712643678161
7+,2021-03-13,231.77586206896552
7+,2021-03-14,219.0
7+,2021-03-15,213.3505747126437
7+,2021-03-16,209.7471264367816
7+,2021-03-17,209.88505747126436
7+,2021-03-18,210.38505747126436
7+,2021-03-19,222.89080459770116
7+,2021-03-20,223.39655172413794
7+,2021-03-21,210.8505747126437
7+,2021-03-22,210.40804597701148
7+,2021-03-23,210.22988505747125
7+,2021-03-24,210.55172413793105
7+,2021-03-25,211.44252873563218
7+,2021-03-26,225.18965517241378
7+,2021-03-27,226.93103448275863
7+,2021-03-28,212.60919540229884
7+,2021-03-29,214.30459770114942
7+,2021-03-30,213.93103448275863
7+,2021-03-31,215.3735632183908
7+,2021-04-01,217.91379310344828
7+,2021-04-02,229.66666666666666
7+,2021-04-03,230.04022988505747
7+,2021-04-04,218.52298850574712
7+,2021-04-05,217.683908045977
7+,2021-04-06,216.99425287356323
7+,2021-04-07,217.00574712643677
7+,2021-04-08,217.50574712643677
7+,2021-04-09,231.76436781609195
7+,2021-04-10,231.9367816091954
7+,2021-04-11,217.7528735632184
7+,2021-04-12,216.72988505747125
7+,2021-04-13,216.67241379310346
7+,2021-04-14,215.6494252873563
7+,2021-04-15,215.63793103448276
7+,2021-04-16,228.80459770114942
7+,2021-04-17,229.07471264367817
7+,2021-04-18,216.132183908046
7+,2021-04-19,216.3448275862069
7+,2021-04-20,215.88505747126436
7+,2021-04-21,216.04597701149424
7+,2021-04-22,216.51724137931035
7+,2021-04-23,229.20689655172413
7+,2021-04-24,235.07471264367817
7+,2021-04-25,223.183908045977
7+,2021-04-26,229.35632183908046
7+,2021-04-27,229.95977011494253
7+,2021-04-28,229.867816091954
7+,2021-04-29,231.39655172413794
7+,2021-04-30,245.45402298850576
7+,2021-05-01,241.22988505747125
7+,2021-05-02,219.55172413793105
7+,2021-05-03,217.6206896551724
7+,2021-05-04,216.48275862068965
7+,2021-05-05,216.82183908045977
7+,2021-05-06,217.39655172413794
7+,2021-05-07,230.72988505747125
7+,2021-05-08,231.183908045977
7+,2021-05-09,217.69540229885058
7+,2021-05-10,219.683908045977
7+,2021-05-11,219.01149425287358
7+,2021-05-12,220.0
7+,2021-05-13,221.98275862068965
7+,2021-05-14,235.7528735632184
7+,2021-05-15,236.9712643678161
7+,2021-05-16,221.05172413793105
7+,2021-05-17,220.35632183908046
7+,2021-05-18,220.5
7+,2021-05-19,220.5
7+,2021-05-20,221.4022988505747
7+,2021-05-21,243.5
7+,2021-05-22,245.29885057471265
7+,2021-05-23,226.0287356321839
7+,2021-05-24,224.10344827586206
7+,2021-05-25,220.27586206896552
7+,2021-05-26,220.39655172413794
7+,2021-05-27,221.58620689655172
7+,2021-05-28,235.35632183908046
7+,2021-05-29,238.02298850574712
7+,2021-05-30,224.45977011494253
7+,2021-05-31,221.91954022988506
7+,2021-06-01,221.3448275862069
7+,2021-06-02,222.132183908046
7+,2021-06-03,223.0287356321839
7+,2021-06-04,237.867816091954
7+,2021-06-05,240.29885057471265
7+,2021-06-06,223.56896551724137
7+,2021-06-07,223.30459770114942
7+,2021-06-08,221.33908045977012
7+,2021-06-09,221.30459770114942
7+,2021-06-10,221.26436781609195
7+,2021-06-11,234.9655172413793
7+,2021-06-12,236.08045977011494
7+,2021-06-13,221.08045977011494
7+,2021-06-14,220.56896551724137
7+,2021-06-15,220.08045977011494
7+,2021-06-16,220.56896551724137
7+,2021-06-17,220.98275862068965
7+,2021-06-18,235.82183908045977
7+,2021-06-19,236.78735632183907
7+,2021-06-20,221.42528735632183
7+,2021-06-21,221.0344827586207
7+,2021-06-22,220.47701149425288
7+,2021-06-23,220.2528735632184
7+,2021-06-24,220.2183908045977
7+,2021-06-25,234.83333333333334
7+,2021-06-26,235.2183908045977
7+,2021-06-27,220.76436781609195
7+,2021-06-28,220.75862068965517
7+,2021-06-29,219.9712643678161
7+,2021-06-30,219.97701149425288
7+,2021-07-01,220.24137931034483
7+,2021-07-02,236.17241379310346
7+,2021-07-03,237.90804597701148
7+,2021-07-04,221.42528735632183
7+,2021-07-05,221.4655172413793
7+,2021-07-06,219.9022988505747
7+,2021-07-07,219.95402298850576
7+,2021-07-08,219.5632183908046
7+,2021-07-09,236.3448275862069
7+,2021-07-10,237.30459770114942
7+,2021-07-11,220.2183908045977
7+,2021-07-12,222.30459770114942
7+,2021-07-13,221.72988505747125
7+,2021-07-14,222.10919540229884
7+,2021-07-15,219.90804597701148
7+,2021-07-16,234.02298850574712
7+,2021-07-17,234.98275862068965
7+,2021-07-18,220.59195402298852
7+,2021-07-19,220.0977011494253
7+,2021-07-20,219.41379310344828
7+,2021-07-21,219.4655172413793
7+,2021-07-22,219.57471264367817
7+,2021-07-23,236.44252873563218
7+,2021-07-24,237.5287356321839
7+,2021-07-25,220.48850574712642
7+,2021-07-26,220.90804597701148
7+,2021-07-27,220.18965517241378
7+,2021-07-28,220.5632183908046
7+,2021-07-29,220.64367816091954
7+,2021-07-30,235.48275862068965
7+,2021-07-31,235.76436781609195
7+,2021-08-01,218.27011494252875
7+,2021-08-02,218.32758620689654
7+,2021-08-03,217.51149425287358
7+,2021-08-04,217.5977011494253
7+,2021-08-05,218.81034482758622
7+,2021-08-06,228.55172413793105
7+,2021-08-07,229.52298850574712
7+,2021-08-08,218.2816091954023
7+,2021-08-09,217.91954022988506
7+,2021-08-10,217.2528735632184
7+,2021-08-11,217.19540229885058
7+,2021-08-12,217.69540229885058
7+,2021-08-13,227.1551724137931
7+,2021-08-14,228.0344827586207
7+,2021-08-15,218.7816091954023
7+,2021-08-16,218.44252873563218
7+,2021-08-17,217.1264367816092
7+,2021-08-18,217.3448275862069
7+,2021-08-19,217.74137931034483
7+,2021-08-20,227.1264367816092
7+,2021-08-21,228.09195402298852
7+,2021-08-22,218.69540229885058
7+,2021-08-23,218.4712643678161
7+,2021-08-24,217.71264367816093
7+,2021-08-25,217.7471264367816
7+,2021-08-26,218.1551724137931
7+,2021-08-27,226.99425287356323
7+,2021-08-28,227.9367816091954
7+,2021-08-29,218.75862068965517
